solver;algorithm;seed;instance;count;internal_runtm;hyper_time;decomp_time;solve_user_runtm;solve_sys_runtm;solve_mem;width;opt_weight;timeout;non_opt_models
Clas;p;0;clique.lp_connectoos.com_20150906_0927_subgraph_metro+tram.gml.lparse.undirected.bz2;2;0.001;0;0;0.0;0.0;8208;0;5;0;2
Clas;p;0;clique.lp_connectoos.com_20150906_0927_subgraph_metro.gml.lparse.undirected.bz2;2;0.001;0;0;0.0;0.0;8208;0;5;0;2
Clas;p;0;clique.lp_eisenbahnmuseum-bochum_20150521_1514_subgraph_train+metro+tram.gml.lparse.undirected.bz2;2;0.001;0;0;0.0;0.0;8208;0;1;0;2
Clas;p;0;clique.lp_eisenbahnmuseum-bochum_20150521_1514_subgraph_train+metro.gml.lparse.undirected.bz2;2;0.001;0;0;0.0;0.0;8208;0;1;0;2
Clas;p;0;clique.lp_eisenbahnmuseum-bochum_20150521_1514_subgraph_train.gml.lparse.undirected.bz2;2;0.001;0;0;0.0;0.0;8208;0;1;0;2
Clas;p;0;clique.lp_guy@connectoos.com_20150906_0927_subgraph_metro+tram.gml.lparse.undirected.bz2;2;0.001;0;0;0.0;0.0;8208;0;5;0;2
Clas;p;0;clique.lp_guy@connectoos.com_20150906_0927_subgraph_metro.gml.lparse.undirected.bz2;2;0.001;0;0;0.0;0.0;8224;0;5;0;2
Clas;p;0;clique.lp_mariaspringfieldsmith_20150921_1346_subgraph_metro+tram.gml.lparse.undirected.bz2;2;0.001;0;0;0.0;0.0;8192;0;4;0;2
Clas;p;0;clique.lp_mariaspringfieldsmith_20150921_1346_subgraph_train+metro+tram.gml.lparse.undirected.bz2;2;0.001;0;0;0.0;0.0;8208;0;4;0;2
Clas;p;0;clique.lp_mariaspringfieldsmith_20150921_1346_subgraph_tram.gml.lparse.undirected.bz2;2;0.001;0;0;0.0;0.0;8208;0;4;0;2
Clas;p;0;clique.lp_mornington-railway_20141217_1316_subgraph_train+metro+tram.gml.lparse.undirected.bz2;2;0.001;0;0;0.0;0.0;8192;0;2;0;2
Clas;p;0;clique.lp_mornington-railway_20141217_1316_subgraph_train+metro.gml.lparse.undirected.bz2;2;0.001;0;0;0.0;0.0;8192;0;2;0;2
Clas;p;0;clique.lp_mornington-railway_20141217_1316_subgraph_train.gml.lparse.undirected.bz2;2;0.001;0;0;0.0;0.0;8208;0;2;0;2
Clas;p;0;clique.lp_north-county-transit-district_20150930_1532_subgraph_train+metro.gml.lparse.undirected.bz2;2;0.001;0;0;0.0;0.0;8224;0;7;0;2
Clas;p;0;clique.lp_north-county-transit-district_20150930_1532_subgraph_train.gml.lparse.undirected.bz2;2;0.001;0;0;0.0;0.0;8208;0;7;0;2
Clas;p;0;clique.lp_oc-transpo_20131119_1910_subgraph_train+metro+tram.gml.lparse.undirected.bz2;2;0.001;0;0;0.0;0.0;8224;0;6;0;2
Clas;p;0;clique.lp_oc-transpo_20131119_1910_subgraph_train+metro.gml.lparse.undirected.bz2;2;0.001;0;0;0.0;0.0;8224;0;6;0;2
Clas;p;0;clique.lp_oc-transpo_20131119_1910_subgraph_train.gml.lparse.undirected.bz2;2;0.001;0;0;0.0;0.0;8208;0;6;0;2
DynASP;(PRIM);0;clique.lp_connectoos.com_20150906_0927_subgraph_metro+tram.gml.lparse.undirected.bz2;1;0.0;0.00;0.01;0.02;0.0;14752;6;5;0;0
DynASP;(PRIM);1881060079;clique.lp_connectoos.com_20150906_0927_subgraph_metro+tram.gml.lparse.undirected.bz2;1;0.0;0.01;0.01;0.02;0.0;14800;6;5;0;0
DynASP;(PRIM);2156980077;clique.lp_connectoos.com_20150906_0927_subgraph_metro+tram.gml.lparse.undirected.bz2;1;0.01;0.01;0.00;0.02;0.0;15168;6;5;0;0
DynASP;(PRIM);2460733895;clique.lp_connectoos.com_20150906_0927_subgraph_metro+tram.gml.lparse.undirected.bz2;1;0.0;0.01;0.01;0.02;0.0;14784;6;5;0;0
DynASP;(PRIM);2987179023;clique.lp_connectoos.com_20150906_0927_subgraph_metro+tram.gml.lparse.undirected.bz2;1;0.01;0.02;0.00;0.02;0.01;14736;6;5;0;0
DynASP;(PRIM);3025012838;clique.lp_connectoos.com_20150906_0927_subgraph_metro+tram.gml.lparse.undirected.bz2;1;0.0;0.00;0.01;0.02;0.0;15168;6;5;0;0
DynASP;(PRIM);3630735793;clique.lp_connectoos.com_20150906_0927_subgraph_metro+tram.gml.lparse.undirected.bz2;1;0.0;0.00;0.01;0.02;0.0;14752;6;5;0;0
DynASP;(PRIM);4176834253;clique.lp_connectoos.com_20150906_0927_subgraph_metro+tram.gml.lparse.undirected.bz2;1;0.0;0.01;0.00;0.02;0.0;14752;6;5;0;0
DynASP;(PRIM);554563280;clique.lp_connectoos.com_20150906_0927_subgraph_metro+tram.gml.lparse.undirected.bz2;1;0.0;0.00;0.01;0.02;0.0;15168;6;5;0;0
DynASP;(PRIM);600817034;clique.lp_connectoos.com_20150906_0927_subgraph_metro+tram.gml.lparse.undirected.bz2;1;0.0;0.00;0.01;0.02;0.0;14736;6;5;0;0
DynASP;(INVPRIM);0;clique.lp_connectoos.com_20150906_0927_subgraph_metro+tram.gml.lparse.undirected.bz2;1;0.01;0.00;0.00;0.02;0.0;14768;6;5;0;0
DynASP;(INVPRIM);1881060079;clique.lp_connectoos.com_20150906_0927_subgraph_metro+tram.gml.lparse.undirected.bz2;1;0.01;0.01;0.02;0.05;0.0;14768;6;5;0;0
DynASP;(INVPRIM);2156980077;clique.lp_connectoos.com_20150906_0927_subgraph_metro+tram.gml.lparse.undirected.bz2;1;0.01;0.00;0.01;0.03;0.0;14816;6;5;0;0
DynASP;(INVPRIM);2460733895;clique.lp_connectoos.com_20150906_0927_subgraph_metro+tram.gml.lparse.undirected.bz2;1;0.01;0.01;0.00;0.03;0.0;14784;6;5;0;0
DynASP;(INVPRIM);2987179023;clique.lp_connectoos.com_20150906_0927_subgraph_metro+tram.gml.lparse.undirected.bz2;1;0.0;0.00;0.01;0.02;0.0;14768;6;5;0;0
DynASP;(INVPRIM);3025012838;clique.lp_connectoos.com_20150906_0927_subgraph_metro+tram.gml.lparse.undirected.bz2;1;0.01;0.00;0.00;0.02;0.0;14800;6;5;0;0
DynASP;(INVPRIM);3630735793;clique.lp_connectoos.com_20150906_0927_subgraph_metro+tram.gml.lparse.undirected.bz2;1;0.01;0.01;0.01;0.04;0.0;14768;6;5;0;0
DynASP;(INVPRIM);4176834253;clique.lp_connectoos.com_20150906_0927_subgraph_metro+tram.gml.lparse.undirected.bz2;1;0.0;0.01;0.00;0.02;0.0;14768;6;5;0;0
DynASP;(INVPRIM);554563280;clique.lp_connectoos.com_20150906_0927_subgraph_metro+tram.gml.lparse.undirected.bz2;1;0.01;0.01;0.00;0.02;0.0;14816;6;5;0;0
DynASP;(INVPRIM);600817034;clique.lp_connectoos.com_20150906_0927_subgraph_metro+tram.gml.lparse.undirected.bz2;1;0.0;0.01;0.01;0.02;0.0;14768;6;5;0;0
DynASP;(INC);0;clique.lp_connectoos.com_20150906_0927_subgraph_metro+tram.gml.lparse.undirected.bz2;1;0.01;0.01;0.00;0.02;0.0;14800;6;5;0;0
DynASP;(INC);1881060079;clique.lp_connectoos.com_20150906_0927_subgraph_metro+tram.gml.lparse.undirected.bz2;1;0.0;0.00;0.01;0.02;0.0;14992;6;5;0;0
DynASP;(INC);2156980077;clique.lp_connectoos.com_20150906_0927_subgraph_metro+tram.gml.lparse.undirected.bz2;1;0.0;0.01;0.00;0.02;0.0;14816;6;5;0;0
DynASP;(INC);2460733895;clique.lp_connectoos.com_20150906_0927_subgraph_metro+tram.gml.lparse.undirected.bz2;1;0.0;0.00;0.01;0.02;0.0;14992;6;5;0;0
DynASP;(INC);2987179023;clique.lp_connectoos.com_20150906_0927_subgraph_metro+tram.gml.lparse.undirected.bz2;1;0.0;0.00;0.01;0.02;0.0;14800;6;5;0;0
DynASP;(INC);3025012838;clique.lp_connectoos.com_20150906_0927_subgraph_metro+tram.gml.lparse.undirected.bz2;1;0.01;0.01;0.00;0.02;0.0;15552;6;5;0;0
DynASP;(INC);3630735793;clique.lp_connectoos.com_20150906_0927_subgraph_metro+tram.gml.lparse.undirected.bz2;1;0.0;0.00;0.01;0.02;0.0;15552;6;5;0;0
DynASP;(INC);4176834253;clique.lp_connectoos.com_20150906_0927_subgraph_metro+tram.gml.lparse.undirected.bz2;1;0.0;0.01;0.01;0.02;0.0;15536;6;5;0;0
DynASP;(INC);554563280;clique.lp_connectoos.com_20150906_0927_subgraph_metro+tram.gml.lparse.undirected.bz2;1;0.0;0.00;0.01;0.02;0.0;15584;6;5;0;0
DynASP;(INC);600817034;clique.lp_connectoos.com_20150906_0927_subgraph_metro+tram.gml.lparse.undirected.bz2;1;0.0;0.00;0.01;0.03;0.0;15424;6;5;0;0
DynASP;(PRIM);0;clique.lp_connectoos.com_20150906_0927_subgraph_metro.gml.lparse.undirected.bz2;1;0.01;0.01;0.00;0.03;0.0;14848;6;5;0;0
DynASP;(PRIM);1881060079;clique.lp_connectoos.com_20150906_0927_subgraph_metro.gml.lparse.undirected.bz2;1;0.0;0.01;0.00;0.03;0.0;15152;6;5;0;0
DynASP;(PRIM);2156980077;clique.lp_connectoos.com_20150906_0927_subgraph_metro.gml.lparse.undirected.bz2;1;0.01;0.00;0.01;0.03;0.0;14848;6;5;0;0
DynASP;(PRIM);2460733895;clique.lp_connectoos.com_20150906_0927_subgraph_metro.gml.lparse.undirected.bz2;1;0.01;0.01;0.00;0.03;0.0;14800;6;5;0;0
DynASP;(PRIM);2987179023;clique.lp_connectoos.com_20150906_0927_subgraph_metro.gml.lparse.undirected.bz2;1;0.0;0.01;0.01;0.03;0.0;14784;6;5;0;0
DynASP;(PRIM);3025012838;clique.lp_connectoos.com_20150906_0927_subgraph_metro.gml.lparse.undirected.bz2;1;0.0;0.01;0.01;0.02;0.0;14848;6;5;0;0
DynASP;(PRIM);3630735793;clique.lp_connectoos.com_20150906_0927_subgraph_metro.gml.lparse.undirected.bz2;1;0.0;0.01;0.00;0.02;0.0;14768;6;5;0;0
DynASP;(PRIM);4176834253;clique.lp_connectoos.com_20150906_0927_subgraph_metro.gml.lparse.undirected.bz2;1;0.0;0.00;0.01;0.02;0.0;14800;6;5;0;0
DynASP;(PRIM);554563280;clique.lp_connectoos.com_20150906_0927_subgraph_metro.gml.lparse.undirected.bz2;1;0.01;0.01;0.00;0.03;0.0;14848;6;5;0;0
DynASP;(PRIM);600817034;clique.lp_connectoos.com_20150906_0927_subgraph_metro.gml.lparse.undirected.bz2;1;0.0;0.01;0.00;0.02;0.0;14848;6;5;0;0
DynASP;(INVPRIM);0;clique.lp_connectoos.com_20150906_0927_subgraph_metro.gml.lparse.undirected.bz2;1;0.01;0.01;0.00;0.03;0.0;14800;6;5;0;0
DynASP;(INVPRIM);1881060079;clique.lp_connectoos.com_20150906_0927_subgraph_metro.gml.lparse.undirected.bz2;1;0.01;0.01;0.00;0.03;0.0;14800;6;5;0;0
DynASP;(INVPRIM);2156980077;clique.lp_connectoos.com_20150906_0927_subgraph_metro.gml.lparse.undirected.bz2;1;0.0;0.00;0.01;0.03;0.0;14752;6;5;0;0
DynASP;(INVPRIM);2460733895;clique.lp_connectoos.com_20150906_0927_subgraph_metro.gml.lparse.undirected.bz2;1;0.0;0.01;0.00;0.02;0.0;14768;6;5;0;0
DynASP;(INVPRIM);2987179023;clique.lp_connectoos.com_20150906_0927_subgraph_metro.gml.lparse.undirected.bz2;1;0.01;0.00;0.01;0.02;0.01;14752;6;5;0;0
DynASP;(INVPRIM);3025012838;clique.lp_connectoos.com_20150906_0927_subgraph_metro.gml.lparse.undirected.bz2;1;0.01;0.01;0.00;0.02;0.0;14768;6;5;0;0
DynASP;(INVPRIM);3630735793;clique.lp_connectoos.com_20150906_0927_subgraph_metro.gml.lparse.undirected.bz2;1;0.01;0.01;0.00;0.02;0.01;14736;6;5;0;0
DynASP;(INVPRIM);4176834253;clique.lp_connectoos.com_20150906_0927_subgraph_metro.gml.lparse.undirected.bz2;1;0.01;0.01;0.00;0.03;0.0;14736;6;5;0;0
DynASP;(INVPRIM);554563280;clique.lp_connectoos.com_20150906_0927_subgraph_metro.gml.lparse.undirected.bz2;1;0.02;0.01;0.01;0.04;0.0;14752;6;5;0;0
DynASP;(INVPRIM);600817034;clique.lp_connectoos.com_20150906_0927_subgraph_metro.gml.lparse.undirected.bz2;1;0.01;0.01;0.01;0.03;0.0;14816;6;5;0;0
DynASP;(INC);0;clique.lp_connectoos.com_20150906_0927_subgraph_metro.gml.lparse.undirected.bz2;1;0.02;0.00;0.02;0.05;0.0;15552;6;5;0;0
DynASP;(INC);1881060079;clique.lp_connectoos.com_20150906_0927_subgraph_metro.gml.lparse.undirected.bz2;1;0.02;0.01;0.01;0.05;0.0;15552;6;5;0;0
DynASP;(INC);2156980077;clique.lp_connectoos.com_20150906_0927_subgraph_metro.gml.lparse.undirected.bz2;1;0.01;0.01;0.00;0.03;0.0;14976;6;5;0;0
DynASP;(INC);2460733895;clique.lp_connectoos.com_20150906_0927_subgraph_metro.gml.lparse.undirected.bz2;1;0.0;0.00;0.01;0.02;0.0;14832;6;5;0;0
DynASP;(INC);2987179023;clique.lp_connectoos.com_20150906_0927_subgraph_metro.gml.lparse.undirected.bz2;1;0.0;0.00;0.01;0.02;0.0;14784;6;5;0;0
DynASP;(INC);3025012838;clique.lp_connectoos.com_20150906_0927_subgraph_metro.gml.lparse.undirected.bz2;1;0.01;0.00;0.01;0.03;0.0;14992;6;5;0;0
DynASP;(INC);3630735793;clique.lp_connectoos.com_20150906_0927_subgraph_metro.gml.lparse.undirected.bz2;1;0.01;0.00;0.01;0.02;0.0;15008;6;5;0;0
DynASP;(INC);4176834253;clique.lp_connectoos.com_20150906_0927_subgraph_metro.gml.lparse.undirected.bz2;1;0.0;0.00;0.01;0.02;0.0;14800;6;5;0;0
DynASP;(INC);554563280;clique.lp_connectoos.com_20150906_0927_subgraph_metro.gml.lparse.undirected.bz2;1;0.01;0.00;0.01;0.03;0.0;14976;6;5;0;0
DynASP;(INC);600817034;clique.lp_connectoos.com_20150906_0927_subgraph_metro.gml.lparse.undirected.bz2;1;0.0;0.00;0.01;0.01;0.0;14816;6;5;0;0
DynASP;(PRIM);0;clique.lp_eisenbahnmuseum-bochum_20150521_1514_subgraph_train+metro+tram.gml.lparse.undirected.bz2;1;0.0;0.00;0.01;0.01;0.01;14064;4;1;0;0
DynASP;(PRIM);1881060079;clique.lp_eisenbahnmuseum-bochum_20150521_1514_subgraph_train+metro+tram.gml.lparse.undirected.bz2;1;0.0;0.00;0.00;0.01;0.0;14080;4;1;0;0
DynASP;(PRIM);2156980077;clique.lp_eisenbahnmuseum-bochum_20150521_1514_subgraph_train+metro+tram.gml.lparse.undirected.bz2;1;0.0;0.00;0.00;0.01;0.0;14064;4;1;0;0
DynASP;(PRIM);2460733895;clique.lp_eisenbahnmuseum-bochum_20150521_1514_subgraph_train+metro+tram.gml.lparse.undirected.bz2;1;0.0;0.00;0.01;0.01;0.0;14048;4;1;0;0
DynASP;(PRIM);2987179023;clique.lp_eisenbahnmuseum-bochum_20150521_1514_subgraph_train+metro+tram.gml.lparse.undirected.bz2;1;0.0;0.00;0.00;0.01;0.0;14048;4;1;0;0
DynASP;(PRIM);3025012838;clique.lp_eisenbahnmuseum-bochum_20150521_1514_subgraph_train+metro+tram.gml.lparse.undirected.bz2;1;0.01;0.00;0.00;0.02;0.0;14048;4;1;0;0
DynASP;(PRIM);3630735793;clique.lp_eisenbahnmuseum-bochum_20150521_1514_subgraph_train+metro+tram.gml.lparse.undirected.bz2;1;0.0;0.00;0.01;0.01;0.0;14064;4;1;0;0
DynASP;(PRIM);4176834253;clique.lp_eisenbahnmuseum-bochum_20150521_1514_subgraph_train+metro+tram.gml.lparse.undirected.bz2;1;0.0;0.00;0.01;0.01;0.0;14048;4;1;0;0
DynASP;(PRIM);554563280;clique.lp_eisenbahnmuseum-bochum_20150521_1514_subgraph_train+metro+tram.gml.lparse.undirected.bz2;1;0.01;0.00;0.01;0.01;0.01;14064;4;1;0;0
DynASP;(PRIM);600817034;clique.lp_eisenbahnmuseum-bochum_20150521_1514_subgraph_train+metro+tram.gml.lparse.undirected.bz2;1;0.0;0.00;0.00;0.01;0.0;14064;4;1;0;0
DynASP;(INVPRIM);0;clique.lp_eisenbahnmuseum-bochum_20150521_1514_subgraph_train+metro+tram.gml.lparse.undirected.bz2;1;0.0;0.00;0.00;0.01;0.0;14112;4;1;0;0
DynASP;(INVPRIM);1881060079;clique.lp_eisenbahnmuseum-bochum_20150521_1514_subgraph_train+metro+tram.gml.lparse.undirected.bz2;1;0.0;0.00;0.01;0.01;0.0;14128;4;1;0;0
DynASP;(INVPRIM);2156980077;clique.lp_eisenbahnmuseum-bochum_20150521_1514_subgraph_train+metro+tram.gml.lparse.undirected.bz2;1;0.0;0.00;0.00;0.0;0.0;14112;4;1;0;0
DynASP;(INVPRIM);2460733895;clique.lp_eisenbahnmuseum-bochum_20150521_1514_subgraph_train+metro+tram.gml.lparse.undirected.bz2;1;0.0;0.00;0.00;0.01;0.0;14128;4;1;0;0
DynASP;(INVPRIM);2987179023;clique.lp_eisenbahnmuseum-bochum_20150521_1514_subgraph_train+metro+tram.gml.lparse.undirected.bz2;1;0.01;0.00;0.00;0.02;0.0;14128;4;1;0;0
DynASP;(INVPRIM);3025012838;clique.lp_eisenbahnmuseum-bochum_20150521_1514_subgraph_train+metro+tram.gml.lparse.undirected.bz2;1;0.0;0.00;0.00;0.01;0.0;14128;4;1;0;0
DynASP;(INVPRIM);3630735793;clique.lp_eisenbahnmuseum-bochum_20150521_1514_subgraph_train+metro+tram.gml.lparse.undirected.bz2;1;0.0;0.00;0.01;0.02;0.0;14128;4;1;0;0
DynASP;(INVPRIM);4176834253;clique.lp_eisenbahnmuseum-bochum_20150521_1514_subgraph_train+metro+tram.gml.lparse.undirected.bz2;1;0.01;0.00;0.00;0.02;0.0;14128;4;1;0;0
DynASP;(INVPRIM);554563280;clique.lp_eisenbahnmuseum-bochum_20150521_1514_subgraph_train+metro+tram.gml.lparse.undirected.bz2;1;0.0;0.00;0.00;0.01;0.0;14128;4;1;0;0
DynASP;(INVPRIM);600817034;clique.lp_eisenbahnmuseum-bochum_20150521_1514_subgraph_train+metro+tram.gml.lparse.undirected.bz2;1;0.0;0.00;0.00;0.01;0.0;14112;4;1;0;0
DynASP;(INC);0;clique.lp_eisenbahnmuseum-bochum_20150521_1514_subgraph_train+metro+tram.gml.lparse.undirected.bz2;1;0.01;0.00;0.00;0.02;0.0;14016;4;1;0;0
DynASP;(INC);1881060079;clique.lp_eisenbahnmuseum-bochum_20150521_1514_subgraph_train+metro+tram.gml.lparse.undirected.bz2;1;0.0;0.00;0.01;0.01;0.0;14064;4;1;0;0
DynASP;(INC);2156980077;clique.lp_eisenbahnmuseum-bochum_20150521_1514_subgraph_train+metro+tram.gml.lparse.undirected.bz2;1;0.0;0.00;0.00;0.0;0.01;14048;4;1;0;0
DynASP;(INC);2460733895;clique.lp_eisenbahnmuseum-bochum_20150521_1514_subgraph_train+metro+tram.gml.lparse.undirected.bz2;1;0.0;0.00;0.00;0.01;0.0;14032;4;1;0;0
DynASP;(INC);2987179023;clique.lp_eisenbahnmuseum-bochum_20150521_1514_subgraph_train+metro+tram.gml.lparse.undirected.bz2;1;0.0;0.00;0.01;0.01;0.0;14016;4;1;0;0
DynASP;(INC);3025012838;clique.lp_eisenbahnmuseum-bochum_20150521_1514_subgraph_train+metro+tram.gml.lparse.undirected.bz2;1;0.01;0.00;0.00;0.02;0.0;14032;4;1;0;0
DynASP;(INC);3630735793;clique.lp_eisenbahnmuseum-bochum_20150521_1514_subgraph_train+metro+tram.gml.lparse.undirected.bz2;1;0.0;0.00;0.00;0.01;0.0;14064;4;1;0;0
DynASP;(INC);4176834253;clique.lp_eisenbahnmuseum-bochum_20150521_1514_subgraph_train+metro+tram.gml.lparse.undirected.bz2;1;0.0;0.00;0.00;0.01;0.0;14048;4;1;0;0
DynASP;(INC);554563280;clique.lp_eisenbahnmuseum-bochum_20150521_1514_subgraph_train+metro+tram.gml.lparse.undirected.bz2;1;0.0;0.00;0.00;0.0;0.01;14032;4;1;0;0
DynASP;(INC);600817034;clique.lp_eisenbahnmuseum-bochum_20150521_1514_subgraph_train+metro+tram.gml.lparse.undirected.bz2;1;0.0;0.00;0.01;0.0;0.01;14048;4;1;0;0
DynASP;(PRIM);0;clique.lp_eisenbahnmuseum-bochum_20150521_1514_subgraph_train+metro.gml.lparse.undirected.bz2;1;0.0;0.00;0.00;0.02;0.0;14032;4;1;0;0
DynASP;(PRIM);1881060079;clique.lp_eisenbahnmuseum-bochum_20150521_1514_subgraph_train+metro.gml.lparse.undirected.bz2;1;0.01;0.00;0.00;0.01;0.0;14048;4;1;0;0
DynASP;(PRIM);2156980077;clique.lp_eisenbahnmuseum-bochum_20150521_1514_subgraph_train+metro.gml.lparse.undirected.bz2;1;0.0;0.00;0.00;0.01;0.0;14032;4;1;0;0
DynASP;(PRIM);2460733895;clique.lp_eisenbahnmuseum-bochum_20150521_1514_subgraph_train+metro.gml.lparse.undirected.bz2;1;0.0;0.00;0.01;0.02;0.0;14048;4;1;0;0
DynASP;(PRIM);2987179023;clique.lp_eisenbahnmuseum-bochum_20150521_1514_subgraph_train+metro.gml.lparse.undirected.bz2;1;0.01;0.00;0.00;0.02;0.0;14032;4;1;0;0
DynASP;(PRIM);3025012838;clique.lp_eisenbahnmuseum-bochum_20150521_1514_subgraph_train+metro.gml.lparse.undirected.bz2;1;0.0;0.00;0.00;0.01;0.0;14032;4;1;0;0
DynASP;(PRIM);3630735793;clique.lp_eisenbahnmuseum-bochum_20150521_1514_subgraph_train+metro.gml.lparse.undirected.bz2;1;0.0;0.00;0.00;0.0;0.0;14048;4;1;0;0
DynASP;(PRIM);4176834253;clique.lp_eisenbahnmuseum-bochum_20150521_1514_subgraph_train+metro.gml.lparse.undirected.bz2;1;0.0;0.00;0.00;0.01;0.0;14064;4;1;0;0
DynASP;(PRIM);554563280;clique.lp_eisenbahnmuseum-bochum_20150521_1514_subgraph_train+metro.gml.lparse.undirected.bz2;1;0.0;0.00;0.00;0.01;0.0;14048;4;1;0;0
DynASP;(PRIM);600817034;clique.lp_eisenbahnmuseum-bochum_20150521_1514_subgraph_train+metro.gml.lparse.undirected.bz2;1;0.0;0.00;0.00;0.01;0.0;14064;4;1;0;0
DynASP;(INVPRIM);0;clique.lp_eisenbahnmuseum-bochum_20150521_1514_subgraph_train+metro.gml.lparse.undirected.bz2;1;0.0;0.00;0.00;0.01;0.0;14112;4;1;0;0
DynASP;(INVPRIM);1881060079;clique.lp_eisenbahnmuseum-bochum_20150521_1514_subgraph_train+metro.gml.lparse.undirected.bz2;1;0.0;0.00;0.00;0.01;0.0;14096;4;1;0;0
DynASP;(INVPRIM);2156980077;clique.lp_eisenbahnmuseum-bochum_20150521_1514_subgraph_train+metro.gml.lparse.undirected.bz2;1;0.01;0.00;0.00;0.02;0.0;14112;4;1;0;0
DynASP;(INVPRIM);2460733895;clique.lp_eisenbahnmuseum-bochum_20150521_1514_subgraph_train+metro.gml.lparse.undirected.bz2;1;0.0;0.01;0.00;0.01;0.0;14112;4;1;0;0
DynASP;(INVPRIM);2987179023;clique.lp_eisenbahnmuseum-bochum_20150521_1514_subgraph_train+metro.gml.lparse.undirected.bz2;1;0.0;0.00;0.00;0.0;0.0;14112;4;1;0;0
DynASP;(INVPRIM);3025012838;clique.lp_eisenbahnmuseum-bochum_20150521_1514_subgraph_train+metro.gml.lparse.undirected.bz2;1;0.0;0.00;0.01;0.01;0.0;14096;4;1;0;0
DynASP;(INVPRIM);3630735793;clique.lp_eisenbahnmuseum-bochum_20150521_1514_subgraph_train+metro.gml.lparse.undirected.bz2;1;0.0;0.01;0.00;0.01;0.0;14096;4;1;0;0
DynASP;(INVPRIM);4176834253;clique.lp_eisenbahnmuseum-bochum_20150521_1514_subgraph_train+metro.gml.lparse.undirected.bz2;1;0.0;0.00;0.00;0.01;0.0;14112;4;1;0;0
DynASP;(INVPRIM);554563280;clique.lp_eisenbahnmuseum-bochum_20150521_1514_subgraph_train+metro.gml.lparse.undirected.bz2;1;0.01;0.00;0.00;0.01;0.0;14096;4;1;0;0
DynASP;(INVPRIM);600817034;clique.lp_eisenbahnmuseum-bochum_20150521_1514_subgraph_train+metro.gml.lparse.undirected.bz2;1;0.0;0.00;0.00;0.01;0.0;14112;4;1;0;0
DynASP;(INC);0;clique.lp_eisenbahnmuseum-bochum_20150521_1514_subgraph_train+metro.gml.lparse.undirected.bz2;1;0.0;0.00;0.01;0.01;0.01;14032;4;1;0;0
DynASP;(INC);1881060079;clique.lp_eisenbahnmuseum-bochum_20150521_1514_subgraph_train+metro.gml.lparse.undirected.bz2;1;0.0;0.00;0.01;0.01;0.0;14032;4;1;0;0
DynASP;(INC);2156980077;clique.lp_eisenbahnmuseum-bochum_20150521_1514_subgraph_train+metro.gml.lparse.undirected.bz2;1;0.0;0.00;0.01;0.02;0.0;14032;4;1;0;0
DynASP;(INC);2460733895;clique.lp_eisenbahnmuseum-bochum_20150521_1514_subgraph_train+metro.gml.lparse.undirected.bz2;1;0.01;0.00;0.00;0.01;0.0;14032;4;1;0;0
DynASP;(INC);2987179023;clique.lp_eisenbahnmuseum-bochum_20150521_1514_subgraph_train+metro.gml.lparse.undirected.bz2;1;0.0;0.00;0.01;0.01;0.0;14016;4;1;0;0
DynASP;(INC);3025012838;clique.lp_eisenbahnmuseum-bochum_20150521_1514_subgraph_train+metro.gml.lparse.undirected.bz2;1;0.0;0.00;0.00;0.0;0.0;14016;4;1;0;0
DynASP;(INC);3630735793;clique.lp_eisenbahnmuseum-bochum_20150521_1514_subgraph_train+metro.gml.lparse.undirected.bz2;1;0.0;0.00;0.00;0.01;0.0;14032;4;1;0;0
DynASP;(INC);4176834253;clique.lp_eisenbahnmuseum-bochum_20150521_1514_subgraph_train+metro.gml.lparse.undirected.bz2;1;0.0;0.00;0.00;0.0;0.01;14048;4;1;0;0
DynASP;(INC);554563280;clique.lp_eisenbahnmuseum-bochum_20150521_1514_subgraph_train+metro.gml.lparse.undirected.bz2;1;0.0;0.00;0.00;0.0;0.0;14032;4;1;0;0
DynASP;(INC);600817034;clique.lp_eisenbahnmuseum-bochum_20150521_1514_subgraph_train+metro.gml.lparse.undirected.bz2;1;0.0;0.00;0.00;0.01;0.0;14016;4;1;0;0
DynASP;(PRIM);0;clique.lp_eisenbahnmuseum-bochum_20150521_1514_subgraph_train.gml.lparse.undirected.bz2;1;0.0;0.00;0.01;0.01;0.0;14048;4;1;0;0
DynASP;(PRIM);1881060079;clique.lp_eisenbahnmuseum-bochum_20150521_1514_subgraph_train.gml.lparse.undirected.bz2;1;0.0;0.00;0.00;0.01;0.0;14048;4;1;0;0
DynASP;(PRIM);2156980077;clique.lp_eisenbahnmuseum-bochum_20150521_1514_subgraph_train.gml.lparse.undirected.bz2;1;0.0;0.00;0.00;0.01;0.0;14048;4;1;0;0
DynASP;(PRIM);2460733895;clique.lp_eisenbahnmuseum-bochum_20150521_1514_subgraph_train.gml.lparse.undirected.bz2;1;0.01;0.00;0.00;0.01;0.0;14048;4;1;0;0
DynASP;(PRIM);2987179023;clique.lp_eisenbahnmuseum-bochum_20150521_1514_subgraph_train.gml.lparse.undirected.bz2;1;0.0;0.01;0.00;0.01;0.0;14032;4;1;0;0
DynASP;(PRIM);3025012838;clique.lp_eisenbahnmuseum-bochum_20150521_1514_subgraph_train.gml.lparse.undirected.bz2;1;0.0;0.00;0.00;0.01;0.0;14048;4;1;0;0
DynASP;(PRIM);3630735793;clique.lp_eisenbahnmuseum-bochum_20150521_1514_subgraph_train.gml.lparse.undirected.bz2;1;0.0;0.00;0.00;0.01;0.0;14048;4;1;0;0
DynASP;(PRIM);4176834253;clique.lp_eisenbahnmuseum-bochum_20150521_1514_subgraph_train.gml.lparse.undirected.bz2;1;0.0;0.00;0.01;0.01;0.0;14048;4;1;0;0
DynASP;(PRIM);554563280;clique.lp_eisenbahnmuseum-bochum_20150521_1514_subgraph_train.gml.lparse.undirected.bz2;1;0.01;0.00;0.00;0.02;0.0;14032;4;1;0;0
DynASP;(PRIM);600817034;clique.lp_eisenbahnmuseum-bochum_20150521_1514_subgraph_train.gml.lparse.undirected.bz2;1;0.0;0.00;0.00;0.0;0.0;14032;4;1;0;0
DynASP;(INVPRIM);0;clique.lp_eisenbahnmuseum-bochum_20150521_1514_subgraph_train.gml.lparse.undirected.bz2;1;0.0;0.00;0.00;0.02;0.0;14112;4;1;0;0
DynASP;(INVPRIM);1881060079;clique.lp_eisenbahnmuseum-bochum_20150521_1514_subgraph_train.gml.lparse.undirected.bz2;1;0.0;0.01;0.00;0.01;0.0;14112;4;1;0;0
DynASP;(INVPRIM);2156980077;clique.lp_eisenbahnmuseum-bochum_20150521_1514_subgraph_train.gml.lparse.undirected.bz2;1;0.0;0.00;0.00;0.01;0.0;14112;4;1;0;0
DynASP;(INVPRIM);2460733895;clique.lp_eisenbahnmuseum-bochum_20150521_1514_subgraph_train.gml.lparse.undirected.bz2;1;0.0;0.00;0.00;0.01;0.0;14096;4;1;0;0
DynASP;(INVPRIM);2987179023;clique.lp_eisenbahnmuseum-bochum_20150521_1514_subgraph_train.gml.lparse.undirected.bz2;1;0.01;0.00;0.00;0.0;0.01;14112;4;1;0;0
DynASP;(INVPRIM);3025012838;clique.lp_eisenbahnmuseum-bochum_20150521_1514_subgraph_train.gml.lparse.undirected.bz2;1;0.0;0.00;0.00;0.01;0.0;14112;4;1;0;0
DynASP;(INVPRIM);3630735793;clique.lp_eisenbahnmuseum-bochum_20150521_1514_subgraph_train.gml.lparse.undirected.bz2;1;0.0;0.00;0.00;0.0;0.0;14112;4;1;0;0
DynASP;(INVPRIM);4176834253;clique.lp_eisenbahnmuseum-bochum_20150521_1514_subgraph_train.gml.lparse.undirected.bz2;1;0.0;0.00;0.01;0.01;0.0;14112;4;1;0;0
DynASP;(INVPRIM);554563280;clique.lp_eisenbahnmuseum-bochum_20150521_1514_subgraph_train.gml.lparse.undirected.bz2;1;0.0;0.00;0.00;0.02;0.0;14096;4;1;0;0
DynASP;(INVPRIM);600817034;clique.lp_eisenbahnmuseum-bochum_20150521_1514_subgraph_train.gml.lparse.undirected.bz2;1;0.0;0.00;0.00;0.0;0.0;14096;4;1;0;0
DynASP;(INC);0;clique.lp_eisenbahnmuseum-bochum_20150521_1514_subgraph_train.gml.lparse.undirected.bz2;1;0.0;0.00;0.00;0.02;0.0;14032;4;1;0;0
DynASP;(INC);1881060079;clique.lp_eisenbahnmuseum-bochum_20150521_1514_subgraph_train.gml.lparse.undirected.bz2;1;0.0;0.00;0.01;0.02;0.0;14016;4;1;0;0
DynASP;(INC);2156980077;clique.lp_eisenbahnmuseum-bochum_20150521_1514_subgraph_train.gml.lparse.undirected.bz2;1;0.0;0.00;0.00;0.01;0.0;14000;4;1;0;0
DynASP;(INC);2460733895;clique.lp_eisenbahnmuseum-bochum_20150521_1514_subgraph_train.gml.lparse.undirected.bz2;1;0.0;0.00;0.01;0.01;0.0;14032;4;1;0;0
DynASP;(INC);2987179023;clique.lp_eisenbahnmuseum-bochum_20150521_1514_subgraph_train.gml.lparse.undirected.bz2;1;0.0;0.00;0.00;0.0;0.0;14032;4;1;0;0
DynASP;(INC);3025012838;clique.lp_eisenbahnmuseum-bochum_20150521_1514_subgraph_train.gml.lparse.undirected.bz2;1;0.0;0.00;0.00;0.01;0.0;14016;4;1;0;0
DynASP;(INC);3630735793;clique.lp_eisenbahnmuseum-bochum_20150521_1514_subgraph_train.gml.lparse.undirected.bz2;1;0.0;0.00;0.00;0.0;0.0;14032;4;1;0;0
DynASP;(INC);4176834253;clique.lp_eisenbahnmuseum-bochum_20150521_1514_subgraph_train.gml.lparse.undirected.bz2;1;0.0;0.00;0.00;0.01;0.0;14000;4;1;0;0
DynASP;(INC);554563280;clique.lp_eisenbahnmuseum-bochum_20150521_1514_subgraph_train.gml.lparse.undirected.bz2;1;0.01;0.00;0.00;0.01;0.0;14048;4;1;0;0
DynASP;(INC);600817034;clique.lp_eisenbahnmuseum-bochum_20150521_1514_subgraph_train.gml.lparse.undirected.bz2;1;0.0;0.00;0.00;0.01;0.0;14016;4;1;0;0
DynASP;(PRIM);0;clique.lp_guy@connectoos.com_20150906_0927_subgraph_metro+tram.gml.lparse.undirected.bz2;1;0.0;0.01;0.00;0.03;0.0;14848;6;5;0;0
DynASP;(PRIM);1881060079;clique.lp_guy@connectoos.com_20150906_0927_subgraph_metro+tram.gml.lparse.undirected.bz2;1;0.0;0.00;0.01;0.02;0.0;15152;6;5;0;0
DynASP;(PRIM);2156980077;clique.lp_guy@connectoos.com_20150906_0927_subgraph_metro+tram.gml.lparse.undirected.bz2;1;0.01;0.01;0.00;0.02;0.0;14832;6;5;0;0
DynASP;(PRIM);2460733895;clique.lp_guy@connectoos.com_20150906_0927_subgraph_metro+tram.gml.lparse.undirected.bz2;1;0.0;0.00;0.01;0.02;0.0;14816;6;5;0;0
DynASP;(PRIM);2987179023;clique.lp_guy@connectoos.com_20150906_0927_subgraph_metro+tram.gml.lparse.undirected.bz2;1;0.0;0.01;0.00;0.02;0.0;14784;6;5;0;0
DynASP;(PRIM);3025012838;clique.lp_guy@connectoos.com_20150906_0927_subgraph_metro+tram.gml.lparse.undirected.bz2;1;0.02;0.01;0.01;0.05;0.0;14848;6;5;0;0
DynASP;(PRIM);3630735793;clique.lp_guy@connectoos.com_20150906_0927_subgraph_metro+tram.gml.lparse.undirected.bz2;1;0.0;0.00;0.01;0.02;0.0;14768;6;5;0;0
DynASP;(PRIM);4176834253;clique.lp_guy@connectoos.com_20150906_0927_subgraph_metro+tram.gml.lparse.undirected.bz2;1;0.0;0.00;0.01;0.01;0.0;14800;6;5;0;0
DynASP;(PRIM);554563280;clique.lp_guy@connectoos.com_20150906_0927_subgraph_metro+tram.gml.lparse.undirected.bz2;1;0.0;0.00;0.01;0.02;0.0;14848;6;5;0;0
DynASP;(PRIM);600817034;clique.lp_guy@connectoos.com_20150906_0927_subgraph_metro+tram.gml.lparse.undirected.bz2;1;0.0;0.00;0.01;0.02;0.0;14848;6;5;0;0
DynASP;(INVPRIM);0;clique.lp_guy@connectoos.com_20150906_0927_subgraph_metro+tram.gml.lparse.undirected.bz2;1;0.02;0.01;0.00;0.04;0.0;14800;6;5;0;0
DynASP;(INVPRIM);1881060079;clique.lp_guy@connectoos.com_20150906_0927_subgraph_metro+tram.gml.lparse.undirected.bz2;1;0.01;0.00;0.01;0.03;0.0;14800;6;5;0;0
DynASP;(INVPRIM);2156980077;clique.lp_guy@connectoos.com_20150906_0927_subgraph_metro+tram.gml.lparse.undirected.bz2;1;0.0;0.01;0.01;0.02;0.0;14752;6;5;0;0
DynASP;(INVPRIM);2460733895;clique.lp_guy@connectoos.com_20150906_0927_subgraph_metro+tram.gml.lparse.undirected.bz2;1;0.01;0.01;0.00;0.02;0.0;14768;6;5;0;0
DynASP;(INVPRIM);2987179023;clique.lp_guy@connectoos.com_20150906_0927_subgraph_metro+tram.gml.lparse.undirected.bz2;1;0.0;0.01;0.01;0.02;0.0;14752;6;5;0;0
DynASP;(INVPRIM);3025012838;clique.lp_guy@connectoos.com_20150906_0927_subgraph_metro+tram.gml.lparse.undirected.bz2;1;0.0;0.00;0.01;0.02;0.0;14768;6;5;0;0
DynASP;(INVPRIM);3630735793;clique.lp_guy@connectoos.com_20150906_0927_subgraph_metro+tram.gml.lparse.undirected.bz2;1;0.0;0.01;0.00;0.02;0.0;14752;6;5;0;0
DynASP;(INVPRIM);4176834253;clique.lp_guy@connectoos.com_20150906_0927_subgraph_metro+tram.gml.lparse.undirected.bz2;1;0.0;0.01;0.00;0.02;0.0;14752;6;5;0;0
DynASP;(INVPRIM);554563280;clique.lp_guy@connectoos.com_20150906_0927_subgraph_metro+tram.gml.lparse.undirected.bz2;1;0.01;0.00;0.01;0.02;0.01;14768;6;5;0;0
DynASP;(INVPRIM);600817034;clique.lp_guy@connectoos.com_20150906_0927_subgraph_metro+tram.gml.lparse.undirected.bz2;1;0.0;0.00;0.01;0.03;0.0;14816;6;5;0;0
DynASP;(INC);0;clique.lp_guy@connectoos.com_20150906_0927_subgraph_metro+tram.gml.lparse.undirected.bz2;1;0.01;0.00;0.01;0.03;0.0;15552;6;5;0;0
DynASP;(INC);1881060079;clique.lp_guy@connectoos.com_20150906_0927_subgraph_metro+tram.gml.lparse.undirected.bz2;1;0.01;0.00;0.01;0.03;0.0;15552;6;5;0;0
DynASP;(INC);2156980077;clique.lp_guy@connectoos.com_20150906_0927_subgraph_metro+tram.gml.lparse.undirected.bz2;1;0.0;0.01;0.00;0.02;0.0;14960;6;5;0;0
DynASP;(INC);2460733895;clique.lp_guy@connectoos.com_20150906_0927_subgraph_metro+tram.gml.lparse.undirected.bz2;1;0.01;0.00;0.01;0.02;0.0;14832;6;5;0;0
DynASP;(INC);2987179023;clique.lp_guy@connectoos.com_20150906_0927_subgraph_metro+tram.gml.lparse.undirected.bz2;1;0.0;0.01;0.00;0.02;0.0;14800;6;5;0;0
DynASP;(INC);3025012838;clique.lp_guy@connectoos.com_20150906_0927_subgraph_metro+tram.gml.lparse.undirected.bz2;1;0.02;0.01;0.01;0.05;0.0;14992;6;5;0;0
DynASP;(INC);3630735793;clique.lp_guy@connectoos.com_20150906_0927_subgraph_metro+tram.gml.lparse.undirected.bz2;1;0.01;0.00;0.00;0.02;0.0;15008;6;5;0;0
DynASP;(INC);4176834253;clique.lp_guy@connectoos.com_20150906_0927_subgraph_metro+tram.gml.lparse.undirected.bz2;1;0.02;0.00;0.00;0.02;0.0;14784;6;5;0;0
DynASP;(INC);554563280;clique.lp_guy@connectoos.com_20150906_0927_subgraph_metro+tram.gml.lparse.undirected.bz2;1;0.01;0.00;0.01;0.02;0.0;14976;6;5;0;0
DynASP;(INC);600817034;clique.lp_guy@connectoos.com_20150906_0927_subgraph_metro+tram.gml.lparse.undirected.bz2;1;0.01;0.00;0.00;0.02;0.0;14800;6;5;0;0
DynASP;(PRIM);0;clique.lp_guy@connectoos.com_20150906_0927_subgraph_metro.gml.lparse.undirected.bz2;1;0.0;0.01;0.00;0.02;0.0;14848;6;5;0;0
DynASP;(PRIM);1881060079;clique.lp_guy@connectoos.com_20150906_0927_subgraph_metro.gml.lparse.undirected.bz2;1;0.01;0.01;0.00;0.02;0.0;15152;6;5;0;0
DynASP;(PRIM);2156980077;clique.lp_guy@connectoos.com_20150906_0927_subgraph_metro.gml.lparse.undirected.bz2;1;0.01;0.01;0.01;0.04;0.0;14848;6;5;0;0
DynASP;(PRIM);2460733895;clique.lp_guy@connectoos.com_20150906_0927_subgraph_metro.gml.lparse.undirected.bz2;1;0.0;0.00;0.01;0.01;0.0;14800;6;5;0;0
DynASP;(PRIM);2987179023;clique.lp_guy@connectoos.com_20150906_0927_subgraph_metro.gml.lparse.undirected.bz2;1;0.01;0.01;0.00;0.03;0.0;14784;6;5;0;0
DynASP;(PRIM);3025012838;clique.lp_guy@connectoos.com_20150906_0927_subgraph_metro.gml.lparse.undirected.bz2;1;0.0;0.00;0.01;0.02;0.0;14848;6;5;0;0
DynASP;(PRIM);3630735793;clique.lp_guy@connectoos.com_20150906_0927_subgraph_metro.gml.lparse.undirected.bz2;1;0.0;0.01;0.00;0.02;0.0;14768;6;5;0;0
DynASP;(PRIM);4176834253;clique.lp_guy@connectoos.com_20150906_0927_subgraph_metro.gml.lparse.undirected.bz2;1;0.0;0.00;0.01;0.02;0.0;14784;6;5;0;0
DynASP;(PRIM);554563280;clique.lp_guy@connectoos.com_20150906_0927_subgraph_metro.gml.lparse.undirected.bz2;1;0.01;0.00;0.00;0.02;0.0;14848;6;5;0;0
DynASP;(PRIM);600817034;clique.lp_guy@connectoos.com_20150906_0927_subgraph_metro.gml.lparse.undirected.bz2;1;0.0;0.01;0.00;0.03;0.0;14848;6;5;0;0
DynASP;(INVPRIM);0;clique.lp_guy@connectoos.com_20150906_0927_subgraph_metro.gml.lparse.undirected.bz2;1;0.01;0.01;0.00;0.03;0.0;14800;6;5;0;0
DynASP;(INVPRIM);1881060079;clique.lp_guy@connectoos.com_20150906_0927_subgraph_metro.gml.lparse.undirected.bz2;1;0.02;0.01;0.01;0.05;0.0;14784;6;5;0;0
DynASP;(INVPRIM);2156980077;clique.lp_guy@connectoos.com_20150906_0927_subgraph_metro.gml.lparse.undirected.bz2;1;0.0;0.00;0.01;0.02;0.0;14752;6;5;0;0
DynASP;(INVPRIM);2460733895;clique.lp_guy@connectoos.com_20150906_0927_subgraph_metro.gml.lparse.undirected.bz2;1;0.01;0.01;0.00;0.03;0.0;14768;6;5;0;0
DynASP;(INVPRIM);2987179023;clique.lp_guy@connectoos.com_20150906_0927_subgraph_metro.gml.lparse.undirected.bz2;1;0.0;0.00;0.01;0.01;0.0;14736;6;5;0;0
DynASP;(INVPRIM);3025012838;clique.lp_guy@connectoos.com_20150906_0927_subgraph_metro.gml.lparse.undirected.bz2;1;0.01;0.01;0.01;0.03;0.0;14768;6;5;0;0
DynASP;(INVPRIM);3630735793;clique.lp_guy@connectoos.com_20150906_0927_subgraph_metro.gml.lparse.undirected.bz2;1;0.01;0.00;0.01;0.02;0.0;14752;6;5;0;0
DynASP;(INVPRIM);4176834253;clique.lp_guy@connectoos.com_20150906_0927_subgraph_metro.gml.lparse.undirected.bz2;1;0.01;0.01;0.00;0.03;0.0;14752;6;5;0;0
DynASP;(INVPRIM);554563280;clique.lp_guy@connectoos.com_20150906_0927_subgraph_metro.gml.lparse.undirected.bz2;1;0.0;0.00;0.01;0.02;0.0;14768;6;5;0;0
DynASP;(INVPRIM);600817034;clique.lp_guy@connectoos.com_20150906_0927_subgraph_metro.gml.lparse.undirected.bz2;1;0.01;0.01;0.00;0.03;0.0;14816;6;5;0;0
DynASP;(INC);0;clique.lp_guy@connectoos.com_20150906_0927_subgraph_metro.gml.lparse.undirected.bz2;1;0.01;0.01;0.01;0.02;0.01;15552;6;5;0;0
DynASP;(INC);1881060079;clique.lp_guy@connectoos.com_20150906_0927_subgraph_metro.gml.lparse.undirected.bz2;1;0.01;0.01;0.01;0.03;0.0;15552;6;5;0;0
DynASP;(INC);2156980077;clique.lp_guy@connectoos.com_20150906_0927_subgraph_metro.gml.lparse.undirected.bz2;1;0.0;0.00;0.01;0.02;0.0;14976;6;5;0;0
DynASP;(INC);2460733895;clique.lp_guy@connectoos.com_20150906_0927_subgraph_metro.gml.lparse.undirected.bz2;1;0.01;0.01;0.01;0.04;0.0;14832;6;5;0;0
DynASP;(INC);2987179023;clique.lp_guy@connectoos.com_20150906_0927_subgraph_metro.gml.lparse.undirected.bz2;1;0.01;0.00;0.01;0.02;0.01;14784;6;5;0;0
DynASP;(INC);3025012838;clique.lp_guy@connectoos.com_20150906_0927_subgraph_metro.gml.lparse.undirected.bz2;1;0.0;0.00;0.01;0.02;0.0;14992;6;5;0;0
DynASP;(INC);3630735793;clique.lp_guy@connectoos.com_20150906_0927_subgraph_metro.gml.lparse.undirected.bz2;1;0.01;0.01;0.00;0.03;0.0;15008;6;5;0;0
DynASP;(INC);4176834253;clique.lp_guy@connectoos.com_20150906_0927_subgraph_metro.gml.lparse.undirected.bz2;1;0.0;0.01;0.01;0.03;0.0;14784;6;5;0;0
DynASP;(INC);554563280;clique.lp_guy@connectoos.com_20150906_0927_subgraph_metro.gml.lparse.undirected.bz2;1;0.01;0.00;0.01;0.02;0.0;14976;6;5;0;0
DynASP;(INC);600817034;clique.lp_guy@connectoos.com_20150906_0927_subgraph_metro.gml.lparse.undirected.bz2;1;0.01;0.01;0.00;0.03;0.0;14816;6;5;0;0
DynASP;(PRIM);0;clique.lp_mariaspringfieldsmith_20150921_1346_subgraph_metro+tram.gml.lparse.undirected.bz2;1;0.0;0.01;0.00;0.02;0.0;14480;5;4;0;0
DynASP;(PRIM);1881060079;clique.lp_mariaspringfieldsmith_20150921_1346_subgraph_metro+tram.gml.lparse.undirected.bz2;1;0.01;0.00;0.00;0.02;0.0;14528;5;4;0;0
DynASP;(PRIM);2156980077;clique.lp_mariaspringfieldsmith_20150921_1346_subgraph_metro+tram.gml.lparse.undirected.bz2;1;0.0;0.01;0.01;0.03;0.0;14496;5;4;0;0
DynASP;(PRIM);2460733895;clique.lp_mariaspringfieldsmith_20150921_1346_subgraph_metro+tram.gml.lparse.undirected.bz2;1;0.01;0.00;0.00;0.02;0.0;14496;5;4;0;0
DynASP;(PRIM);2987179023;clique.lp_mariaspringfieldsmith_20150921_1346_subgraph_metro+tram.gml.lparse.undirected.bz2;1;0.0;0.00;0.01;0.02;0.0;14496;5;4;0;0
DynASP;(PRIM);3025012838;clique.lp_mariaspringfieldsmith_20150921_1346_subgraph_metro+tram.gml.lparse.undirected.bz2;1;0.0;0.00;0.01;0.01;0.0;14592;5;4;0;0
DynASP;(PRIM);3630735793;clique.lp_mariaspringfieldsmith_20150921_1346_subgraph_metro+tram.gml.lparse.undirected.bz2;1;0.0;0.00;0.01;0.01;0.0;14512;5;4;0;0
DynASP;(PRIM);4176834253;clique.lp_mariaspringfieldsmith_20150921_1346_subgraph_metro+tram.gml.lparse.undirected.bz2;1;0.01;0.01;0.00;0.02;0.0;14528;5;4;0;0
DynASP;(PRIM);554563280;clique.lp_mariaspringfieldsmith_20150921_1346_subgraph_metro+tram.gml.lparse.undirected.bz2;1;0.0;0.01;0.01;0.02;0.0;14592;5;4;0;0
DynASP;(PRIM);600817034;clique.lp_mariaspringfieldsmith_20150921_1346_subgraph_metro+tram.gml.lparse.undirected.bz2;1;0.0;0.01;0.01;0.02;0.0;14512;5;4;0;0
DynASP;(INVPRIM);0;clique.lp_mariaspringfieldsmith_20150921_1346_subgraph_metro+tram.gml.lparse.undirected.bz2;1;0.0;0.01;0.00;0.02;0.0;14544;5;4;0;0
DynASP;(INVPRIM);1881060079;clique.lp_mariaspringfieldsmith_20150921_1346_subgraph_metro+tram.gml.lparse.undirected.bz2;1;0.0;0.01;0.00;0.02;0.0;14576;5;4;0;0
DynASP;(INVPRIM);2156980077;clique.lp_mariaspringfieldsmith_20150921_1346_subgraph_metro+tram.gml.lparse.undirected.bz2;1;0.0;0.01;0.01;0.02;0.0;14544;5;4;0;0
DynASP;(INVPRIM);2460733895;clique.lp_mariaspringfieldsmith_20150921_1346_subgraph_metro+tram.gml.lparse.undirected.bz2;1;0.0;0.00;0.01;0.02;0.0;14544;5;4;0;0
DynASP;(INVPRIM);2987179023;clique.lp_mariaspringfieldsmith_20150921_1346_subgraph_metro+tram.gml.lparse.undirected.bz2;1;0.0;0.00;0.01;0.02;0.0;14560;5;4;0;0
DynASP;(INVPRIM);3025012838;clique.lp_mariaspringfieldsmith_20150921_1346_subgraph_metro+tram.gml.lparse.undirected.bz2;1;0.0;0.00;0.01;0.02;0.0;14608;5;4;0;0
DynASP;(INVPRIM);3630735793;clique.lp_mariaspringfieldsmith_20150921_1346_subgraph_metro+tram.gml.lparse.undirected.bz2;1;0.01;0.00;0.00;0.02;0.0;14560;5;4;0;0
DynASP;(INVPRIM);4176834253;clique.lp_mariaspringfieldsmith_20150921_1346_subgraph_metro+tram.gml.lparse.undirected.bz2;1;0.01;0.01;0.00;0.02;0.0;14560;5;4;0;0
DynASP;(INVPRIM);554563280;clique.lp_mariaspringfieldsmith_20150921_1346_subgraph_metro+tram.gml.lparse.undirected.bz2;1;0.01;0.00;0.00;0.01;0.0;14592;5;4;0;0
DynASP;(INVPRIM);600817034;clique.lp_mariaspringfieldsmith_20150921_1346_subgraph_metro+tram.gml.lparse.undirected.bz2;1;0.01;0.01;0.00;0.03;0.0;14560;5;4;0;0
DynASP;(INC);0;clique.lp_mariaspringfieldsmith_20150921_1346_subgraph_metro+tram.gml.lparse.undirected.bz2;1;0.0;0.00;0.01;0.02;0.0;14512;5;4;0;0
DynASP;(INC);1881060079;clique.lp_mariaspringfieldsmith_20150921_1346_subgraph_metro+tram.gml.lparse.undirected.bz2;1;0.01;0.00;0.00;0.02;0.0;14608;5;4;0;0
DynASP;(INC);2156980077;clique.lp_mariaspringfieldsmith_20150921_1346_subgraph_metro+tram.gml.lparse.undirected.bz2;1;0.0;0.00;0.01;0.02;0.0;14560;5;4;0;0
DynASP;(INC);2460733895;clique.lp_mariaspringfieldsmith_20150921_1346_subgraph_metro+tram.gml.lparse.undirected.bz2;1;0.0;0.00;0.01;0.02;0.0;14528;5;4;0;0
DynASP;(INC);2987179023;clique.lp_mariaspringfieldsmith_20150921_1346_subgraph_metro+tram.gml.lparse.undirected.bz2;1;0.0;0.00;0.01;0.02;0.0;14528;5;4;0;0
DynASP;(INC);3025012838;clique.lp_mariaspringfieldsmith_20150921_1346_subgraph_metro+tram.gml.lparse.undirected.bz2;1;0.0;0.00;0.01;0.02;0.0;14480;5;4;0;0
DynASP;(INC);3630735793;clique.lp_mariaspringfieldsmith_20150921_1346_subgraph_metro+tram.gml.lparse.undirected.bz2;1;0.01;0.00;0.00;0.02;0.0;14752;5;4;0;0
DynASP;(INC);4176834253;clique.lp_mariaspringfieldsmith_20150921_1346_subgraph_metro+tram.gml.lparse.undirected.bz2;1;0.01;0.01;0.00;0.03;0.0;14576;5;4;0;0
DynASP;(INC);554563280;clique.lp_mariaspringfieldsmith_20150921_1346_subgraph_metro+tram.gml.lparse.undirected.bz2;1;0.01;0.01;0.00;0.02;0.0;14512;5;4;0;0
DynASP;(INC);600817034;clique.lp_mariaspringfieldsmith_20150921_1346_subgraph_metro+tram.gml.lparse.undirected.bz2;1;0.0;0.00;0.01;0.02;0.0;14560;5;4;0;0
DynASP;(PRIM);0;clique.lp_mariaspringfieldsmith_20150921_1346_subgraph_train+metro+tram.gml.lparse.undirected.bz2;1;0.0;0.00;0.01;0.02;0.0;14480;5;4;0;0
DynASP;(PRIM);1881060079;clique.lp_mariaspringfieldsmith_20150921_1346_subgraph_train+metro+tram.gml.lparse.undirected.bz2;1;0.01;0.00;0.00;0.02;0.0;14528;5;4;0;0
DynASP;(PRIM);2156980077;clique.lp_mariaspringfieldsmith_20150921_1346_subgraph_train+metro+tram.gml.lparse.undirected.bz2;1;0.01;0.01;0.00;0.02;0.0;14496;5;4;0;0
DynASP;(PRIM);2460733895;clique.lp_mariaspringfieldsmith_20150921_1346_subgraph_train+metro+tram.gml.lparse.undirected.bz2;1;0.0;0.01;0.00;0.01;0.0;14496;5;4;0;0
DynASP;(PRIM);2987179023;clique.lp_mariaspringfieldsmith_20150921_1346_subgraph_train+metro+tram.gml.lparse.undirected.bz2;1;0.0;0.01;0.00;0.01;0.01;14496;5;4;0;0
DynASP;(PRIM);3025012838;clique.lp_mariaspringfieldsmith_20150921_1346_subgraph_train+metro+tram.gml.lparse.undirected.bz2;1;0.0;0.00;0.01;0.02;0.0;14576;5;4;0;0
DynASP;(PRIM);3630735793;clique.lp_mariaspringfieldsmith_20150921_1346_subgraph_train+metro+tram.gml.lparse.undirected.bz2;1;0.0;0.00;0.01;0.02;0.0;14512;5;4;0;0
DynASP;(PRIM);4176834253;clique.lp_mariaspringfieldsmith_20150921_1346_subgraph_train+metro+tram.gml.lparse.undirected.bz2;1;0.0;0.00;0.01;0.02;0.0;14528;5;4;0;0
DynASP;(PRIM);554563280;clique.lp_mariaspringfieldsmith_20150921_1346_subgraph_train+metro+tram.gml.lparse.undirected.bz2;1;0.01;0.00;0.00;0.02;0.0;14592;5;4;0;0
DynASP;(PRIM);600817034;clique.lp_mariaspringfieldsmith_20150921_1346_subgraph_train+metro+tram.gml.lparse.undirected.bz2;1;0.0;0.01;0.00;0.02;0.0;14512;5;4;0;0
DynASP;(INVPRIM);0;clique.lp_mariaspringfieldsmith_20150921_1346_subgraph_train+metro+tram.gml.lparse.undirected.bz2;1;0.0;0.00;0.01;0.02;0.0;14544;5;4;0;0
DynASP;(INVPRIM);1881060079;clique.lp_mariaspringfieldsmith_20150921_1346_subgraph_train+metro+tram.gml.lparse.undirected.bz2;1;0.01;0.00;0.00;0.02;0.0;14560;5;4;0;0
DynASP;(INVPRIM);2156980077;clique.lp_mariaspringfieldsmith_20150921_1346_subgraph_train+metro+tram.gml.lparse.undirected.bz2;1;0.01;0.00;0.00;0.01;0.0;14560;5;4;0;0
DynASP;(INVPRIM);2460733895;clique.lp_mariaspringfieldsmith_20150921_1346_subgraph_train+metro+tram.gml.lparse.undirected.bz2;1;0.0;0.00;0.00;0.01;0.0;14560;5;4;0;0
DynASP;(INVPRIM);2987179023;clique.lp_mariaspringfieldsmith_20150921_1346_subgraph_train+metro+tram.gml.lparse.undirected.bz2;1;0.0;0.01;0.00;0.02;0.0;14560;5;4;0;0
DynASP;(INVPRIM);3025012838;clique.lp_mariaspringfieldsmith_20150921_1346_subgraph_train+metro+tram.gml.lparse.undirected.bz2;1;0.0;0.01;0.00;0.02;0.0;14608;5;4;0;0
DynASP;(INVPRIM);3630735793;clique.lp_mariaspringfieldsmith_20150921_1346_subgraph_train+metro+tram.gml.lparse.undirected.bz2;1;0.0;0.00;0.01;0.02;0.0;14560;5;4;0;0
DynASP;(INVPRIM);4176834253;clique.lp_mariaspringfieldsmith_20150921_1346_subgraph_train+metro+tram.gml.lparse.undirected.bz2;1;0.0;0.00;0.01;0.02;0.0;14560;5;4;0;0
DynASP;(INVPRIM);554563280;clique.lp_mariaspringfieldsmith_20150921_1346_subgraph_train+metro+tram.gml.lparse.undirected.bz2;1;0.0;0.01;0.00;0.02;0.0;14608;5;4;0;0
DynASP;(INVPRIM);600817034;clique.lp_mariaspringfieldsmith_20150921_1346_subgraph_train+metro+tram.gml.lparse.undirected.bz2;1;0.0;0.00;0.01;0.02;0.0;14560;5;4;0;0
DynASP;(INC);0;clique.lp_mariaspringfieldsmith_20150921_1346_subgraph_train+metro+tram.gml.lparse.undirected.bz2;1;0.0;0.00;0.01;0.02;0.0;14528;5;4;0;0
DynASP;(INC);1881060079;clique.lp_mariaspringfieldsmith_20150921_1346_subgraph_train+metro+tram.gml.lparse.undirected.bz2;1;0.0;0.00;0.01;0.02;0.0;14608;5;4;0;0
DynASP;(INC);2156980077;clique.lp_mariaspringfieldsmith_20150921_1346_subgraph_train+metro+tram.gml.lparse.undirected.bz2;1;0.01;0.00;0.00;0.01;0.0;14560;5;4;0;0
DynASP;(INC);2460733895;clique.lp_mariaspringfieldsmith_20150921_1346_subgraph_train+metro+tram.gml.lparse.undirected.bz2;1;0.01;0.01;0.00;0.02;0.0;14528;5;4;0;0
DynASP;(INC);2987179023;clique.lp_mariaspringfieldsmith_20150921_1346_subgraph_train+metro+tram.gml.lparse.undirected.bz2;1;0.01;0.00;0.00;0.01;0.0;14544;5;4;0;0
DynASP;(INC);3025012838;clique.lp_mariaspringfieldsmith_20150921_1346_subgraph_train+metro+tram.gml.lparse.undirected.bz2;1;0.01;0.00;0.00;0.02;0.0;14496;5;4;0;0
DynASP;(INC);3630735793;clique.lp_mariaspringfieldsmith_20150921_1346_subgraph_train+metro+tram.gml.lparse.undirected.bz2;1;0.0;0.01;0.00;0.02;0.0;14736;5;4;0;0
DynASP;(INC);4176834253;clique.lp_mariaspringfieldsmith_20150921_1346_subgraph_train+metro+tram.gml.lparse.undirected.bz2;1;0.01;0.01;0.00;0.02;0.0;14560;5;4;0;0
DynASP;(INC);554563280;clique.lp_mariaspringfieldsmith_20150921_1346_subgraph_train+metro+tram.gml.lparse.undirected.bz2;1;0.01;0.00;0.00;0.01;0.0;14512;5;4;0;0
DynASP;(INC);600817034;clique.lp_mariaspringfieldsmith_20150921_1346_subgraph_train+metro+tram.gml.lparse.undirected.bz2;1;0.01;0.00;0.00;0.02;0.0;14560;5;4;0;0
DynASP;(PRIM);0;clique.lp_mariaspringfieldsmith_20150921_1346_subgraph_tram.gml.lparse.undirected.bz2;1;0.01;0.00;0.00;0.01;0.0;14496;5;4;0;0
DynASP;(PRIM);1881060079;clique.lp_mariaspringfieldsmith_20150921_1346_subgraph_tram.gml.lparse.undirected.bz2;1;0.0;0.00;0.01;0.02;0.0;14512;5;4;0;0
DynASP;(PRIM);2156980077;clique.lp_mariaspringfieldsmith_20150921_1346_subgraph_tram.gml.lparse.undirected.bz2;1;0.0;0.00;0.01;0.02;0.0;14496;5;4;0;0
DynASP;(PRIM);2460733895;clique.lp_mariaspringfieldsmith_20150921_1346_subgraph_tram.gml.lparse.undirected.bz2;1;0.0;0.00;0.01;0.02;0.0;14496;5;4;0;0
DynASP;(PRIM);2987179023;clique.lp_mariaspringfieldsmith_20150921_1346_subgraph_tram.gml.lparse.undirected.bz2;1;0.0;0.00;0.00;0.02;0.0;14496;5;4;0;0
DynASP;(PRIM);3025012838;clique.lp_mariaspringfieldsmith_20150921_1346_subgraph_tram.gml.lparse.undirected.bz2;1;0.01;0.01;0.00;0.03;0.0;14592;5;4;0;0
DynASP;(PRIM);3630735793;clique.lp_mariaspringfieldsmith_20150921_1346_subgraph_tram.gml.lparse.undirected.bz2;1;0.0;0.00;0.01;0.02;0.0;14496;5;4;0;0
DynASP;(PRIM);4176834253;clique.lp_mariaspringfieldsmith_20150921_1346_subgraph_tram.gml.lparse.undirected.bz2;1;0.01;0.00;0.01;0.03;0.0;14528;5;4;0;0
DynASP;(PRIM);554563280;clique.lp_mariaspringfieldsmith_20150921_1346_subgraph_tram.gml.lparse.undirected.bz2;1;0.01;0.01;0.00;0.02;0.0;14592;5;4;0;0
DynASP;(PRIM);600817034;clique.lp_mariaspringfieldsmith_20150921_1346_subgraph_tram.gml.lparse.undirected.bz2;1;0.0;0.00;0.01;0.02;0.0;14512;5;4;0;0
DynASP;(INVPRIM);0;clique.lp_mariaspringfieldsmith_20150921_1346_subgraph_tram.gml.lparse.undirected.bz2;1;0.0;0.01;0.01;0.02;0.0;14560;5;4;0;0
DynASP;(INVPRIM);1881060079;clique.lp_mariaspringfieldsmith_20150921_1346_subgraph_tram.gml.lparse.undirected.bz2;1;0.0;0.00;0.01;0.02;0.0;14576;5;4;0;0
DynASP;(INVPRIM);2156980077;clique.lp_mariaspringfieldsmith_20150921_1346_subgraph_tram.gml.lparse.undirected.bz2;1;0.01;0.01;0.00;0.02;0.0;14544;5;4;0;0
DynASP;(INVPRIM);2460733895;clique.lp_mariaspringfieldsmith_20150921_1346_subgraph_tram.gml.lparse.undirected.bz2;1;0.0;0.02;0.01;0.02;0.01;14544;5;4;0;0
DynASP;(INVPRIM);2987179023;clique.lp_mariaspringfieldsmith_20150921_1346_subgraph_tram.gml.lparse.undirected.bz2;1;0.01;0.00;0.00;0.02;0.0;14560;5;4;0;0
DynASP;(INVPRIM);3025012838;clique.lp_mariaspringfieldsmith_20150921_1346_subgraph_tram.gml.lparse.undirected.bz2;1;0.0;0.00;0.01;0.02;0.0;14592;5;4;0;0
DynASP;(INVPRIM);3630735793;clique.lp_mariaspringfieldsmith_20150921_1346_subgraph_tram.gml.lparse.undirected.bz2;1;0.01;0.00;0.00;0.01;0.0;14560;5;4;0;0
DynASP;(INVPRIM);4176834253;clique.lp_mariaspringfieldsmith_20150921_1346_subgraph_tram.gml.lparse.undirected.bz2;1;0.0;0.00;0.01;0.02;0.0;14560;5;4;0;0
DynASP;(INVPRIM);554563280;clique.lp_mariaspringfieldsmith_20150921_1346_subgraph_tram.gml.lparse.undirected.bz2;1;0.01;0.00;0.00;0.02;0.0;14608;5;4;0;0
DynASP;(INVPRIM);600817034;clique.lp_mariaspringfieldsmith_20150921_1346_subgraph_tram.gml.lparse.undirected.bz2;1;0.0;0.01;0.00;0.02;0.0;14544;5;4;0;0
DynASP;(INC);0;clique.lp_mariaspringfieldsmith_20150921_1346_subgraph_tram.gml.lparse.undirected.bz2;1;0.0;0.01;0.01;0.02;0.0;14512;5;4;0;0
DynASP;(INC);1881060079;clique.lp_mariaspringfieldsmith_20150921_1346_subgraph_tram.gml.lparse.undirected.bz2;1;0.01;0.00;0.01;0.03;0.0;14608;5;4;0;0
DynASP;(INC);2156980077;clique.lp_mariaspringfieldsmith_20150921_1346_subgraph_tram.gml.lparse.undirected.bz2;1;0.01;0.00;0.01;0.02;0.0;14560;5;4;0;0
DynASP;(INC);2460733895;clique.lp_mariaspringfieldsmith_20150921_1346_subgraph_tram.gml.lparse.undirected.bz2;1;0.0;0.00;0.01;0.02;0.0;14512;5;4;0;0
DynASP;(INC);2987179023;clique.lp_mariaspringfieldsmith_20150921_1346_subgraph_tram.gml.lparse.undirected.bz2;1;0.0;0.00;0.01;0.01;0.0;14528;5;4;0;0
DynASP;(INC);3025012838;clique.lp_mariaspringfieldsmith_20150921_1346_subgraph_tram.gml.lparse.undirected.bz2;1;0.0;0.00;0.01;0.01;0.0;14496;5;4;0;0
DynASP;(INC);3630735793;clique.lp_mariaspringfieldsmith_20150921_1346_subgraph_tram.gml.lparse.undirected.bz2;1;0.0;0.00;0.01;0.02;0.0;14736;5;4;0;0
DynASP;(INC);4176834253;clique.lp_mariaspringfieldsmith_20150921_1346_subgraph_tram.gml.lparse.undirected.bz2;1;0.01;0.00;0.00;0.02;0.0;14576;5;4;0;0
DynASP;(INC);554563280;clique.lp_mariaspringfieldsmith_20150921_1346_subgraph_tram.gml.lparse.undirected.bz2;1;0.0;0.01;0.00;0.02;0.0;14528;5;4;0;0
DynASP;(INC);600817034;clique.lp_mariaspringfieldsmith_20150921_1346_subgraph_tram.gml.lparse.undirected.bz2;1;0.01;0.01;0.00;0.03;0.0;14544;5;4;0;0
DynASP;(PRIM);0;clique.lp_mornington-railway_20141217_1316_subgraph_train+metro+tram.gml.lparse.undirected.bz2;1;0.0;0.00;0.00;0.02;0.0;14208;4;2;0;0
DynASP;(PRIM);1881060079;clique.lp_mornington-railway_20141217_1316_subgraph_train+metro+tram.gml.lparse.undirected.bz2;1;0.0;0.00;0.00;0.01;0.0;14208;4;2;0;0
DynASP;(PRIM);2156980077;clique.lp_mornington-railway_20141217_1316_subgraph_train+metro+tram.gml.lparse.undirected.bz2;1;0.01;0.01;0.00;0.02;0.01;14192;4;2;0;0
DynASP;(PRIM);2460733895;clique.lp_mornington-railway_20141217_1316_subgraph_train+metro+tram.gml.lparse.undirected.bz2;1;0.01;0.01;0.00;0.02;0.0;14208;4;2;0;0
DynASP;(PRIM);2987179023;clique.lp_mornington-railway_20141217_1316_subgraph_train+metro+tram.gml.lparse.undirected.bz2;1;0.0;0.01;0.00;0.01;0.0;14224;4;2;0;0
DynASP;(PRIM);3025012838;clique.lp_mornington-railway_20141217_1316_subgraph_train+metro+tram.gml.lparse.undirected.bz2;1;0.0;0.00;0.00;0.01;0.0;14224;4;2;0;0
DynASP;(PRIM);3630735793;clique.lp_mornington-railway_20141217_1316_subgraph_train+metro+tram.gml.lparse.undirected.bz2;1;0.0;0.00;0.00;0.01;0.0;14224;4;2;0;0
DynASP;(PRIM);4176834253;clique.lp_mornington-railway_20141217_1316_subgraph_train+metro+tram.gml.lparse.undirected.bz2;1;0.0;0.00;0.00;0.01;0.0;14224;4;2;0;0
DynASP;(PRIM);554563280;clique.lp_mornington-railway_20141217_1316_subgraph_train+metro+tram.gml.lparse.undirected.bz2;1;0.0;0.00;0.01;0.02;0.0;14192;4;2;0;0
DynASP;(PRIM);600817034;clique.lp_mornington-railway_20141217_1316_subgraph_train+metro+tram.gml.lparse.undirected.bz2;1;0.0;0.01;0.00;0.02;0.0;14208;4;2;0;0
DynASP;(INVPRIM);0;clique.lp_mornington-railway_20141217_1316_subgraph_train+metro+tram.gml.lparse.undirected.bz2;1;0.0;0.00;0.00;0.01;0.0;14256;4;2;0;0
DynASP;(INVPRIM);1881060079;clique.lp_mornington-railway_20141217_1316_subgraph_train+metro+tram.gml.lparse.undirected.bz2;1;0.0;0.00;0.01;0.02;0.0;14256;4;2;0;0
DynASP;(INVPRIM);2156980077;clique.lp_mornington-railway_20141217_1316_subgraph_train+metro+tram.gml.lparse.undirected.bz2;1;0.0;0.00;0.00;0.01;0.0;14256;4;2;0;0
DynASP;(INVPRIM);2460733895;clique.lp_mornington-railway_20141217_1316_subgraph_train+metro+tram.gml.lparse.undirected.bz2;1;0.0;0.00;0.00;0.01;0.0;14240;4;2;0;0
DynASP;(INVPRIM);2987179023;clique.lp_mornington-railway_20141217_1316_subgraph_train+metro+tram.gml.lparse.undirected.bz2;1;0.0;0.00;0.00;0.02;0.0;14240;4;2;0;0
DynASP;(INVPRIM);3025012838;clique.lp_mornington-railway_20141217_1316_subgraph_train+metro+tram.gml.lparse.undirected.bz2;1;0.01;0.00;0.00;0.02;0.0;14272;4;2;0;0
DynASP;(INVPRIM);3630735793;clique.lp_mornington-railway_20141217_1316_subgraph_train+metro+tram.gml.lparse.undirected.bz2;1;0.01;0.00;0.00;0.01;0.01;14256;4;2;0;0
DynASP;(INVPRIM);4176834253;clique.lp_mornington-railway_20141217_1316_subgraph_train+metro+tram.gml.lparse.undirected.bz2;1;0.0;0.00;0.01;0.01;0.0;14272;4;2;0;0
DynASP;(INVPRIM);554563280;clique.lp_mornington-railway_20141217_1316_subgraph_train+metro+tram.gml.lparse.undirected.bz2;1;0.0;0.00;0.01;0.02;0.0;14256;4;2;0;0
DynASP;(INVPRIM);600817034;clique.lp_mornington-railway_20141217_1316_subgraph_train+metro+tram.gml.lparse.undirected.bz2;1;0.01;0.00;0.00;0.02;0.0;14240;4;2;0;0
DynASP;(INC);0;clique.lp_mornington-railway_20141217_1316_subgraph_train+metro+tram.gml.lparse.undirected.bz2;1;0.0;0.00;0.01;0.01;0.0;14208;4;2;0;0
DynASP;(INC);1881060079;clique.lp_mornington-railway_20141217_1316_subgraph_train+metro+tram.gml.lparse.undirected.bz2;1;0.0;0.00;0.00;0.0;0.0;14208;4;2;0;0
DynASP;(INC);2156980077;clique.lp_mornington-railway_20141217_1316_subgraph_train+metro+tram.gml.lparse.undirected.bz2;1;0.0;0.00;0.01;0.02;0.0;14208;4;2;0;0
DynASP;(INC);2460733895;clique.lp_mornington-railway_20141217_1316_subgraph_train+metro+tram.gml.lparse.undirected.bz2;1;0.0;0.00;0.01;0.02;0.0;14192;4;2;0;0
DynASP;(INC);2987179023;clique.lp_mornington-railway_20141217_1316_subgraph_train+metro+tram.gml.lparse.undirected.bz2;1;0.0;0.01;0.00;0.02;0.0;14224;4;2;0;0
DynASP;(INC);3025012838;clique.lp_mornington-railway_20141217_1316_subgraph_train+metro+tram.gml.lparse.undirected.bz2;1;0.0;0.00;0.01;0.02;0.0;14208;4;2;0;0
DynASP;(INC);3630735793;clique.lp_mornington-railway_20141217_1316_subgraph_train+metro+tram.gml.lparse.undirected.bz2;1;0.0;0.01;0.00;0.01;0.0;14192;4;2;0;0
DynASP;(INC);4176834253;clique.lp_mornington-railway_20141217_1316_subgraph_train+metro+tram.gml.lparse.undirected.bz2;1;0.0;0.00;0.01;0.02;0.0;14224;4;2;0;0
DynASP;(INC);554563280;clique.lp_mornington-railway_20141217_1316_subgraph_train+metro+tram.gml.lparse.undirected.bz2;1;0.01;0.00;0.00;0.02;0.0;14208;4;2;0;0
DynASP;(INC);600817034;clique.lp_mornington-railway_20141217_1316_subgraph_train+metro+tram.gml.lparse.undirected.bz2;1;0.0;0.00;0.01;0.01;0.0;14192;4;2;0;0
DynASP;(PRIM);0;clique.lp_mornington-railway_20141217_1316_subgraph_train+metro.gml.lparse.undirected.bz2;1;0.0;0.00;0.00;0.02;0.0;14208;4;2;0;0
DynASP;(PRIM);1881060079;clique.lp_mornington-railway_20141217_1316_subgraph_train+metro.gml.lparse.undirected.bz2;1;0.0;0.00;0.01;0.02;0.0;14192;4;2;0;0
DynASP;(PRIM);2156980077;clique.lp_mornington-railway_20141217_1316_subgraph_train+metro.gml.lparse.undirected.bz2;1;0.0;0.00;0.01;0.02;0.0;14192;4;2;0;0
DynASP;(PRIM);2460733895;clique.lp_mornington-railway_20141217_1316_subgraph_train+metro.gml.lparse.undirected.bz2;1;0.0;0.00;0.00;0.01;0.0;14208;4;2;0;0
DynASP;(PRIM);2987179023;clique.lp_mornington-railway_20141217_1316_subgraph_train+metro.gml.lparse.undirected.bz2;1;0.0;0.00;0.01;0.02;0.0;14208;4;2;0;0
DynASP;(PRIM);3025012838;clique.lp_mornington-railway_20141217_1316_subgraph_train+metro.gml.lparse.undirected.bz2;1;0.01;0.01;0.00;0.02;0.0;14224;4;2;0;0
DynASP;(PRIM);3630735793;clique.lp_mornington-railway_20141217_1316_subgraph_train+metro.gml.lparse.undirected.bz2;1;0.0;0.00;0.00;0.01;0.0;14224;4;2;0;0
DynASP;(PRIM);4176834253;clique.lp_mornington-railway_20141217_1316_subgraph_train+metro.gml.lparse.undirected.bz2;1;0.0;0.00;0.00;0.01;0.0;14224;4;2;0;0
DynASP;(PRIM);554563280;clique.lp_mornington-railway_20141217_1316_subgraph_train+metro.gml.lparse.undirected.bz2;1;0.01;0.00;0.00;0.01;0.0;14208;4;2;0;0
DynASP;(PRIM);600817034;clique.lp_mornington-railway_20141217_1316_subgraph_train+metro.gml.lparse.undirected.bz2;1;0.01;0.01;0.00;0.02;0.0;14192;4;2;0;0
DynASP;(INVPRIM);0;clique.lp_mornington-railway_20141217_1316_subgraph_train+metro.gml.lparse.undirected.bz2;1;0.0;0.01;0.00;0.01;0.0;14272;4;2;0;0
DynASP;(INVPRIM);1881060079;clique.lp_mornington-railway_20141217_1316_subgraph_train+metro.gml.lparse.undirected.bz2;1;0.0;0.00;0.01;0.02;0.0;14256;4;2;0;0
DynASP;(INVPRIM);2156980077;clique.lp_mornington-railway_20141217_1316_subgraph_train+metro.gml.lparse.undirected.bz2;1;0.0;0.00;0.00;0.01;0.0;14256;4;2;0;0
DynASP;(INVPRIM);2460733895;clique.lp_mornington-railway_20141217_1316_subgraph_train+metro.gml.lparse.undirected.bz2;1;0.0;0.00;0.00;0.01;0.0;14256;4;2;0;0
DynASP;(INVPRIM);2987179023;clique.lp_mornington-railway_20141217_1316_subgraph_train+metro.gml.lparse.undirected.bz2;1;0.0;0.00;0.01;0.02;0.0;14256;4;2;0;0
DynASP;(INVPRIM);3025012838;clique.lp_mornington-railway_20141217_1316_subgraph_train+metro.gml.lparse.undirected.bz2;1;0.0;0.00;0.01;0.01;0.0;14272;4;2;0;0
DynASP;(INVPRIM);3630735793;clique.lp_mornington-railway_20141217_1316_subgraph_train+metro.gml.lparse.undirected.bz2;1;0.0;0.00;0.01;0.02;0.0;14256;4;2;0;0
DynASP;(INVPRIM);4176834253;clique.lp_mornington-railway_20141217_1316_subgraph_train+metro.gml.lparse.undirected.bz2;1;0.0;0.00;0.01;0.01;0.01;14272;4;2;0;0
DynASP;(INVPRIM);554563280;clique.lp_mornington-railway_20141217_1316_subgraph_train+metro.gml.lparse.undirected.bz2;1;0.0;0.00;0.01;0.02;0.0;14240;4;2;0;0
DynASP;(INVPRIM);600817034;clique.lp_mornington-railway_20141217_1316_subgraph_train+metro.gml.lparse.undirected.bz2;1;0.0;0.00;0.00;0.01;0.0;14256;4;2;0;0
DynASP;(INC);0;clique.lp_mornington-railway_20141217_1316_subgraph_train+metro.gml.lparse.undirected.bz2;1;0.01;0.00;0.00;0.02;0.0;14192;4;2;0;0
DynASP;(INC);1881060079;clique.lp_mornington-railway_20141217_1316_subgraph_train+metro.gml.lparse.undirected.bz2;1;0.0;0.00;0.00;0.01;0.0;14208;4;2;0;0
DynASP;(INC);2156980077;clique.lp_mornington-railway_20141217_1316_subgraph_train+metro.gml.lparse.undirected.bz2;1;0.0;0.00;0.01;0.02;0.0;14208;4;2;0;0
DynASP;(INC);2460733895;clique.lp_mornington-railway_20141217_1316_subgraph_train+metro.gml.lparse.undirected.bz2;1;0.01;0.00;0.00;0.02;0.0;14176;4;2;0;0
DynASP;(INC);2987179023;clique.lp_mornington-railway_20141217_1316_subgraph_train+metro.gml.lparse.undirected.bz2;1;0.0;0.00;0.00;0.01;0.0;14224;4;2;0;0
DynASP;(INC);3025012838;clique.lp_mornington-railway_20141217_1316_subgraph_train+metro.gml.lparse.undirected.bz2;1;0.01;0.00;0.00;0.01;0.0;14208;4;2;0;0
DynASP;(INC);3630735793;clique.lp_mornington-railway_20141217_1316_subgraph_train+metro.gml.lparse.undirected.bz2;1;0.0;0.00;0.00;0.02;0.0;14192;4;2;0;0
DynASP;(INC);4176834253;clique.lp_mornington-railway_20141217_1316_subgraph_train+metro.gml.lparse.undirected.bz2;1;0.0;0.00;0.01;0.02;0.0;14224;4;2;0;0
DynASP;(INC);554563280;clique.lp_mornington-railway_20141217_1316_subgraph_train+metro.gml.lparse.undirected.bz2;1;0.0;0.00;0.01;0.02;0.0;14208;4;2;0;0
DynASP;(INC);600817034;clique.lp_mornington-railway_20141217_1316_subgraph_train+metro.gml.lparse.undirected.bz2;1;0.01;0.00;0.00;0.02;0.0;14208;4;2;0;0
DynASP;(PRIM);0;clique.lp_mornington-railway_20141217_1316_subgraph_train.gml.lparse.undirected.bz2;1;0.01;0.00;0.00;0.02;0.0;14208;4;2;0;0
DynASP;(PRIM);1881060079;clique.lp_mornington-railway_20141217_1316_subgraph_train.gml.lparse.undirected.bz2;1;0.0;0.00;0.00;0.01;0.0;14208;4;2;0;0
DynASP;(PRIM);2156980077;clique.lp_mornington-railway_20141217_1316_subgraph_train.gml.lparse.undirected.bz2;1;0.0;0.00;0.00;0.01;0.0;14208;4;2;0;0
DynASP;(PRIM);2460733895;clique.lp_mornington-railway_20141217_1316_subgraph_train.gml.lparse.undirected.bz2;1;0.0;0.00;0.01;0.02;0.0;14208;4;2;0;0
DynASP;(PRIM);2987179023;clique.lp_mornington-railway_20141217_1316_subgraph_train.gml.lparse.undirected.bz2;1;0.0;0.00;0.01;0.02;0.0;14224;4;2;0;0
DynASP;(PRIM);3025012838;clique.lp_mornington-railway_20141217_1316_subgraph_train.gml.lparse.undirected.bz2;1;0.0;0.00;0.00;0.0;0.0;14208;4;2;0;0
DynASP;(PRIM);3630735793;clique.lp_mornington-railway_20141217_1316_subgraph_train.gml.lparse.undirected.bz2;1;0.0;0.01;0.00;0.01;0.0;14224;4;2;0;0
DynASP;(PRIM);4176834253;clique.lp_mornington-railway_20141217_1316_subgraph_train.gml.lparse.undirected.bz2;1;0.01;0.00;0.00;0.02;0.0;14224;4;2;0;0
DynASP;(PRIM);554563280;clique.lp_mornington-railway_20141217_1316_subgraph_train.gml.lparse.undirected.bz2;1;0.0;0.00;0.00;0.02;0.0;14192;4;2;0;0
DynASP;(PRIM);600817034;clique.lp_mornington-railway_20141217_1316_subgraph_train.gml.lparse.undirected.bz2;1;0.0;0.00;0.00;0.01;0.0;14208;4;2;0;0
DynASP;(INVPRIM);0;clique.lp_mornington-railway_20141217_1316_subgraph_train.gml.lparse.undirected.bz2;1;0.0;0.00;0.01;0.02;0.0;14272;4;2;0;0
DynASP;(INVPRIM);1881060079;clique.lp_mornington-railway_20141217_1316_subgraph_train.gml.lparse.undirected.bz2;1;0.01;0.01;0.00;0.02;0.0;14256;4;2;0;0
DynASP;(INVPRIM);2156980077;clique.lp_mornington-railway_20141217_1316_subgraph_train.gml.lparse.undirected.bz2;1;0.0;0.00;0.01;0.02;0.0;14256;4;2;0;0
DynASP;(INVPRIM);2460733895;clique.lp_mornington-railway_20141217_1316_subgraph_train.gml.lparse.undirected.bz2;1;0.0;0.00;0.00;0.01;0.0;14256;4;2;0;0
DynASP;(INVPRIM);2987179023;clique.lp_mornington-railway_20141217_1316_subgraph_train.gml.lparse.undirected.bz2;1;0.0;0.00;0.01;0.02;0.0;14256;4;2;0;0
DynASP;(INVPRIM);3025012838;clique.lp_mornington-railway_20141217_1316_subgraph_train.gml.lparse.undirected.bz2;1;0.0;0.01;0.00;0.02;0.0;14272;4;2;0;0
DynASP;(INVPRIM);3630735793;clique.lp_mornington-railway_20141217_1316_subgraph_train.gml.lparse.undirected.bz2;1;0.0;0.00;0.00;0.01;0.0;14256;4;2;0;0
DynASP;(INVPRIM);4176834253;clique.lp_mornington-railway_20141217_1316_subgraph_train.gml.lparse.undirected.bz2;1;0.0;0.00;0.00;0.01;0.0;14272;4;2;0;0
DynASP;(INVPRIM);554563280;clique.lp_mornington-railway_20141217_1316_subgraph_train.gml.lparse.undirected.bz2;1;0.0;0.00;0.00;0.01;0.0;14240;4;2;0;0
DynASP;(INVPRIM);600817034;clique.lp_mornington-railway_20141217_1316_subgraph_train.gml.lparse.undirected.bz2;1;0.0;0.00;0.01;0.02;0.0;14240;4;2;0;0
DynASP;(INC);0;clique.lp_mornington-railway_20141217_1316_subgraph_train.gml.lparse.undirected.bz2;1;0.0;0.00;0.01;0.01;0.0;14208;4;2;0;0
DynASP;(INC);1881060079;clique.lp_mornington-railway_20141217_1316_subgraph_train.gml.lparse.undirected.bz2;1;0.0;0.00;0.01;0.01;0.0;14192;4;2;0;0
DynASP;(INC);2156980077;clique.lp_mornington-railway_20141217_1316_subgraph_train.gml.lparse.undirected.bz2;1;0.01;0.00;0.00;0.02;0.0;14208;4;2;0;0
DynASP;(INC);2460733895;clique.lp_mornington-railway_20141217_1316_subgraph_train.gml.lparse.undirected.bz2;1;0.0;0.00;0.01;0.02;0.0;14192;4;2;0;0
DynASP;(INC);2987179023;clique.lp_mornington-railway_20141217_1316_subgraph_train.gml.lparse.undirected.bz2;1;0.0;0.00;0.01;0.02;0.0;14224;4;2;0;0
DynASP;(INC);3025012838;clique.lp_mornington-railway_20141217_1316_subgraph_train.gml.lparse.undirected.bz2;1;0.0;0.01;0.00;0.01;0.0;14192;4;2;0;0
DynASP;(INC);3630735793;clique.lp_mornington-railway_20141217_1316_subgraph_train.gml.lparse.undirected.bz2;1;0.0;0.00;0.00;0.01;0.0;14192;4;2;0;0
DynASP;(INC);4176834253;clique.lp_mornington-railway_20141217_1316_subgraph_train.gml.lparse.undirected.bz2;1;0.0;0.00;0.01;0.02;0.0;14224;4;2;0;0
DynASP;(INC);554563280;clique.lp_mornington-railway_20141217_1316_subgraph_train.gml.lparse.undirected.bz2;1;0.0;0.00;0.00;0.01;0.0;14208;4;2;0;0
DynASP;(INC);600817034;clique.lp_mornington-railway_20141217_1316_subgraph_train.gml.lparse.undirected.bz2;1;0.0;0.00;0.00;0.01;0.0;14208;4;2;0;0
DynASP;(PRIM);0;clique.lp_north-county-transit-district_20150930_1532_subgraph_train+metro.gml.lparse.undirected.bz2;1;0.05;0.02;0.00;0.06;0.01;20208;8;7;0;0
DynASP;(PRIM);1881060079;clique.lp_north-county-transit-district_20150930_1532_subgraph_train+metro.gml.lparse.undirected.bz2;1;0.02;0.01;0.00;0.04;0.0;15600;8;7;0;0
DynASP;(PRIM);2156980077;clique.lp_north-county-transit-district_20150930_1532_subgraph_train+metro.gml.lparse.undirected.bz2;1;0.04;0.01;0.01;0.07;0.0;20224;8;7;0;0
DynASP;(PRIM);2460733895;clique.lp_north-county-transit-district_20150930_1532_subgraph_train+metro.gml.lparse.undirected.bz2;1;0.01;0.01;0.01;0.04;0.0;15584;8;7;0;0
DynASP;(PRIM);2987179023;clique.lp_north-county-transit-district_20150930_1532_subgraph_train+metro.gml.lparse.undirected.bz2;1;0.01;0.01;0.00;0.03;0.0;15216;8;7;0;0
DynASP;(PRIM);3025012838;clique.lp_north-county-transit-district_20150930_1532_subgraph_train+metro.gml.lparse.undirected.bz2;1;0.02;0.00;0.01;0.03;0.0;16208;8;7;0;0
DynASP;(PRIM);3630735793;clique.lp_north-county-transit-district_20150930_1532_subgraph_train+metro.gml.lparse.undirected.bz2;1;0.01;0.00;0.01;0.03;0.0;15584;8;7;0;0
DynASP;(PRIM);4176834253;clique.lp_north-county-transit-district_20150930_1532_subgraph_train+metro.gml.lparse.undirected.bz2;1;0.02;0.00;0.01;0.03;0.01;16112;8;7;0;0
DynASP;(PRIM);554563280;clique.lp_north-county-transit-district_20150930_1532_subgraph_train+metro.gml.lparse.undirected.bz2;1;0.02;0.01;0.01;0.04;0.01;15216;8;7;0;0
DynASP;(PRIM);600817034;clique.lp_north-county-transit-district_20150930_1532_subgraph_train+metro.gml.lparse.undirected.bz2;1;0.04;0.01;0.00;0.06;0.0;16752;8;7;0;0
DynASP;(INVPRIM);0;clique.lp_north-county-transit-district_20150930_1532_subgraph_train+metro.gml.lparse.undirected.bz2;1;0.12;0.01;0.00;0.14;0.0;15632;8;7;0;0
DynASP;(INVPRIM);1881060079;clique.lp_north-county-transit-district_20150930_1532_subgraph_train+metro.gml.lparse.undirected.bz2;1;0.03;0.02;0.00;0.06;0.0;15200;8;7;0;0
DynASP;(INVPRIM);2156980077;clique.lp_north-county-transit-district_20150930_1532_subgraph_train+metro.gml.lparse.undirected.bz2;1;0.1;0.01;0.00;0.12;0.0;15456;8;7;0;0
DynASP;(INVPRIM);2460733895;clique.lp_north-county-transit-district_20150930_1532_subgraph_train+metro.gml.lparse.undirected.bz2;1;0.03;0.01;0.02;0.05;0.01;15184;8;7;0;0
DynASP;(INVPRIM);2987179023;clique.lp_north-county-transit-district_20150930_1532_subgraph_train+metro.gml.lparse.undirected.bz2;1;0.01;0.01;0.01;0.04;0.0;15088;8;7;0;0
DynASP;(INVPRIM);3025012838;clique.lp_north-county-transit-district_20150930_1532_subgraph_train+metro.gml.lparse.undirected.bz2;1;0.04;0.01;0.01;0.06;0.0;15744;8;7;0;0
DynASP;(INVPRIM);3630735793;clique.lp_north-county-transit-district_20150930_1532_subgraph_train+metro.gml.lparse.undirected.bz2;1;0.02;0.01;0.00;0.04;0.0;15120;8;7;0;0
DynASP;(INVPRIM);4176834253;clique.lp_north-county-transit-district_20150930_1532_subgraph_train+metro.gml.lparse.undirected.bz2;1;0.04;0.01;0.01;0.06;0.0;15728;8;7;0;0
DynASP;(INVPRIM);554563280;clique.lp_north-county-transit-district_20150930_1532_subgraph_train+metro.gml.lparse.undirected.bz2;1;0.02;0.01;0.00;0.04;0.0;15088;8;7;0;0
DynASP;(INVPRIM);600817034;clique.lp_north-county-transit-district_20150930_1532_subgraph_train+metro.gml.lparse.undirected.bz2;1;0.09;0.01;0.00;0.11;0.0;15856;8;7;0;0
DynASP;(INC);0;clique.lp_north-county-transit-district_20150930_1532_subgraph_train+metro.gml.lparse.undirected.bz2;1;0.02;0.00;0.01;0.04;0.0;16160;8;7;0;0
DynASP;(INC);1881060079;clique.lp_north-county-transit-district_20150930_1532_subgraph_train+metro.gml.lparse.undirected.bz2;1;0.05;0.01;0.00;0.07;0.0;20432;8;7;0;0
DynASP;(INC);2156980077;clique.lp_north-county-transit-district_20150930_1532_subgraph_train+metro.gml.lparse.undirected.bz2;1;0.05;0.01;0.01;0.09;0.0;23040;8;7;0;0
DynASP;(INC);2460733895;clique.lp_north-county-transit-district_20150930_1532_subgraph_train+metro.gml.lparse.undirected.bz2;1;0.02;0.01;0.01;0.04;0.0;16128;8;7;0;0
DynASP;(INC);2987179023;clique.lp_north-county-transit-district_20150930_1532_subgraph_train+metro.gml.lparse.undirected.bz2;1;0.01;0.01;0.01;0.04;0.0;15312;8;7;0;0
DynASP;(INC);3025012838;clique.lp_north-county-transit-district_20150930_1532_subgraph_train+metro.gml.lparse.undirected.bz2;1;0.01;0.00;0.01;0.03;0.0;15520;8;7;0;0
DynASP;(INC);3630735793;clique.lp_north-county-transit-district_20150930_1532_subgraph_train+metro.gml.lparse.undirected.bz2;1;0.02;0.01;0.00;0.04;0.0;16112;8;7;0;0
DynASP;(INC);4176834253;clique.lp_north-county-transit-district_20150930_1532_subgraph_train+metro.gml.lparse.undirected.bz2;1;0.03;0.01;0.00;0.05;0.0;16896;8;7;0;0
DynASP;(INC);554563280;clique.lp_north-county-transit-district_20150930_1532_subgraph_train+metro.gml.lparse.undirected.bz2;1;0.05;0.00;0.01;0.07;0.0;23024;8;7;0;0
DynASP;(INC);600817034;clique.lp_north-county-transit-district_20150930_1532_subgraph_train+metro.gml.lparse.undirected.bz2;1;0.0;0.01;0.01;0.02;0.0;15312;8;7;0;0
DynASP;(PRIM);0;clique.lp_north-county-transit-district_20150930_1532_subgraph_train.gml.lparse.undirected.bz2;1;0.02;0.01;0.01;0.04;0.01;16720;8;7;0;0
DynASP;(PRIM);1881060079;clique.lp_north-county-transit-district_20150930_1532_subgraph_train.gml.lparse.undirected.bz2;1;0.04;0.02;0.00;0.06;0.0;17696;8;7;0;0
DynASP;(PRIM);2156980077;clique.lp_north-county-transit-district_20150930_1532_subgraph_train.gml.lparse.undirected.bz2;1;0.01;0.01;0.00;0.03;0.0;15072;8;7;0;0
DynASP;(PRIM);2460733895;clique.lp_north-county-transit-district_20150930_1532_subgraph_train.gml.lparse.undirected.bz2;1;0.04;0.01;0.00;0.06;0.0;20224;8;7;0;0
DynASP;(PRIM);2987179023;clique.lp_north-county-transit-district_20150930_1532_subgraph_train.gml.lparse.undirected.bz2;1;0.05;0.01;0.01;0.08;0.0;20224;8;7;0;0
DynASP;(PRIM);3025012838;clique.lp_north-county-transit-district_20150930_1532_subgraph_train.gml.lparse.undirected.bz2;1;0.04;0.01;0.01;0.06;0.0;20224;8;7;0;0
DynASP;(PRIM);3630735793;clique.lp_north-county-transit-district_20150930_1532_subgraph_train.gml.lparse.undirected.bz2;1;0.02;0.00;0.01;0.03;0.0;15616;8;7;0;0
DynASP;(PRIM);4176834253;clique.lp_north-county-transit-district_20150930_1532_subgraph_train.gml.lparse.undirected.bz2;1;0.01;0.01;0.00;0.03;0.0;15056;8;7;0;0
DynASP;(PRIM);554563280;clique.lp_north-county-transit-district_20150930_1532_subgraph_train.gml.lparse.undirected.bz2;1;0.05;0.01;0.00;0.07;0.0;20224;8;7;0;0
DynASP;(PRIM);600817034;clique.lp_north-county-transit-district_20150930_1532_subgraph_train.gml.lparse.undirected.bz2;1;0.02;0.01;0.01;0.05;0.0;16752;8;7;0;0
DynASP;(INVPRIM);0;clique.lp_north-county-transit-district_20150930_1532_subgraph_train.gml.lparse.undirected.bz2;1;0.05;0.01;0.00;0.07;0.0;15200;8;7;0;0
DynASP;(INVPRIM);1881060079;clique.lp_north-county-transit-district_20150930_1532_subgraph_train.gml.lparse.undirected.bz2;1;0.09;0.01;0.00;0.11;0.0;16048;8;7;0;0
DynASP;(INVPRIM);2156980077;clique.lp_north-county-transit-district_20150930_1532_subgraph_train.gml.lparse.undirected.bz2;1;0.0;0.02;0.01;0.04;0.0;15104;8;7;0;0
DynASP;(INVPRIM);2460733895;clique.lp_north-county-transit-district_20150930_1532_subgraph_train.gml.lparse.undirected.bz2;1;0.1;0.01;0.00;0.12;0.0;15840;8;7;0;0
DynASP;(INVPRIM);2987179023;clique.lp_north-county-transit-district_20150930_1532_subgraph_train.gml.lparse.undirected.bz2;1;0.11;0.01;0.01;0.13;0.0;17264;8;7;0;0
DynASP;(INVPRIM);3025012838;clique.lp_north-county-transit-district_20150930_1532_subgraph_train.gml.lparse.undirected.bz2;1;0.18;0.01;0.01;0.2;0.01;17280;8;7;0;0
DynASP;(INVPRIM);3630735793;clique.lp_north-county-transit-district_20150930_1532_subgraph_train.gml.lparse.undirected.bz2;1;0.04;0.01;0.01;0.06;0.0;15104;8;7;0;0
DynASP;(INVPRIM);4176834253;clique.lp_north-county-transit-district_20150930_1532_subgraph_train.gml.lparse.undirected.bz2;1;0.0;0.01;0.01;0.03;0.0;15120;8;7;0;0
DynASP;(INVPRIM);554563280;clique.lp_north-county-transit-district_20150930_1532_subgraph_train.gml.lparse.undirected.bz2;1;0.16;0.01;0.00;0.18;0.0;16944;8;7;0;0
DynASP;(INVPRIM);600817034;clique.lp_north-county-transit-district_20150930_1532_subgraph_train.gml.lparse.undirected.bz2;1;0.07;0.01;0.01;0.1;0.0;15616;8;7;0;0
DynASP;(INC);0;clique.lp_north-county-transit-district_20150930_1532_subgraph_train.gml.lparse.undirected.bz2;1;0.01;0.00;0.01;0.03;0.0;15552;8;7;0;0
DynASP;(INC);1881060079;clique.lp_north-county-transit-district_20150930_1532_subgraph_train.gml.lparse.undirected.bz2;1;0.05;0.01;0.01;0.07;0.02;23056;8;7;0;0
DynASP;(INC);2156980077;clique.lp_north-county-transit-district_20150930_1532_subgraph_train.gml.lparse.undirected.bz2;1;0.01;0.00;0.01;0.03;0.0;15296;8;7;0;0
DynASP;(INC);2460733895;clique.lp_north-county-transit-district_20150930_1532_subgraph_train.gml.lparse.undirected.bz2;1;0.06;0.01;0.02;0.09;0.01;23040;8;7;0;0
DynASP;(INC);2987179023;clique.lp_north-county-transit-district_20150930_1532_subgraph_train.gml.lparse.undirected.bz2;1;0.06;0.00;0.01;0.09;0.0;23040;8;7;0;0
DynASP;(INC);3025012838;clique.lp_north-county-transit-district_20150930_1532_subgraph_train.gml.lparse.undirected.bz2;1;0.05;0.01;0.00;0.08;0.0;19248;8;7;0;0
DynASP;(INC);3630735793;clique.lp_north-county-transit-district_20150930_1532_subgraph_train.gml.lparse.undirected.bz2;1;0.05;0.00;0.01;0.06;0.0;23056;8;7;0;0
DynASP;(INC);4176834253;clique.lp_north-county-transit-district_20150930_1532_subgraph_train.gml.lparse.undirected.bz2;1;0.06;0.01;0.01;0.08;0.0;23040;8;7;0;0
DynASP;(INC);554563280;clique.lp_north-county-transit-district_20150930_1532_subgraph_train.gml.lparse.undirected.bz2;1;0.03;0.00;0.01;0.04;0.0;17856;8;7;0;0
DynASP;(INC);600817034;clique.lp_north-county-transit-district_20150930_1532_subgraph_train.gml.lparse.undirected.bz2;1;0.03;0.00;0.01;0.05;0.0;17840;8;7;0;0
DynASP;(PRIM);0;clique.lp_oc-transpo_20131119_1910_subgraph_train+metro+tram.gml.lparse.undirected.bz2;1;0.01;0.01;0.00;0.02;0.0;14784;6;6;0;0
DynASP;(PRIM);1881060079;clique.lp_oc-transpo_20131119_1910_subgraph_train+metro+tram.gml.lparse.undirected.bz2;1;0.01;0.00;0.00;0.02;0.0;14784;6;6;0;0
DynASP;(PRIM);2156980077;clique.lp_oc-transpo_20131119_1910_subgraph_train+metro+tram.gml.lparse.undirected.bz2;1;0.0;0.00;0.01;0.01;0.0;14784;6;6;0;0
DynASP;(PRIM);2460733895;clique.lp_oc-transpo_20131119_1910_subgraph_train+metro+tram.gml.lparse.undirected.bz2;1;0.0;0.01;0.02;0.04;0.0;14832;6;6;0;0
DynASP;(PRIM);2987179023;clique.lp_oc-transpo_20131119_1910_subgraph_train+metro+tram.gml.lparse.undirected.bz2;1;0.0;0.00;0.01;0.02;0.0;14784;6;6;0;0
DynASP;(PRIM);3025012838;clique.lp_oc-transpo_20131119_1910_subgraph_train+metro+tram.gml.lparse.undirected.bz2;1;0.01;0.01;0.00;0.03;0.0;15200;6;6;0;0
DynASP;(PRIM);3630735793;clique.lp_oc-transpo_20131119_1910_subgraph_train+metro+tram.gml.lparse.undirected.bz2;1;0.01;0.00;0.00;0.02;0.0;15008;6;6;0;0
DynASP;(PRIM);4176834253;clique.lp_oc-transpo_20131119_1910_subgraph_train+metro+tram.gml.lparse.undirected.bz2;1;0.0;0.00;0.01;0.02;0.0;14944;6;6;0;0
DynASP;(PRIM);554563280;clique.lp_oc-transpo_20131119_1910_subgraph_train+metro+tram.gml.lparse.undirected.bz2;1;0.0;0.00;0.01;0.02;0.0;15200;6;6;0;0
DynASP;(PRIM);600817034;clique.lp_oc-transpo_20131119_1910_subgraph_train+metro+tram.gml.lparse.undirected.bz2;1;0.0;0.01;0.02;0.04;0.0;15200;6;6;0;0
DynASP;(INVPRIM);0;clique.lp_oc-transpo_20131119_1910_subgraph_train+metro+tram.gml.lparse.undirected.bz2;1;0.01;0.01;0.00;0.02;0.0;14832;6;6;0;0
DynASP;(INVPRIM);1881060079;clique.lp_oc-transpo_20131119_1910_subgraph_train+metro+tram.gml.lparse.undirected.bz2;1;0.02;0.02;0.00;0.04;0.0;14832;6;6;0;0
DynASP;(INVPRIM);2156980077;clique.lp_oc-transpo_20131119_1910_subgraph_train+metro+tram.gml.lparse.undirected.bz2;1;0.0;0.01;0.00;0.02;0.0;14832;6;6;0;0
DynASP;(INVPRIM);2460733895;clique.lp_oc-transpo_20131119_1910_subgraph_train+metro+tram.gml.lparse.undirected.bz2;1;0.0;0.00;0.01;0.02;0.0;14832;6;6;0;0
DynASP;(INVPRIM);2987179023;clique.lp_oc-transpo_20131119_1910_subgraph_train+metro+tram.gml.lparse.undirected.bz2;1;0.0;0.01;0.01;0.01;0.01;14832;6;6;0;0
DynASP;(INVPRIM);3025012838;clique.lp_oc-transpo_20131119_1910_subgraph_train+metro+tram.gml.lparse.undirected.bz2;1;0.02;0.01;0.00;0.04;0.0;14928;6;6;0;0
DynASP;(INVPRIM);3630735793;clique.lp_oc-transpo_20131119_1910_subgraph_train+metro+tram.gml.lparse.undirected.bz2;1;0.01;0.01;0.00;0.03;0.0;14848;6;6;0;0
DynASP;(INVPRIM);4176834253;clique.lp_oc-transpo_20131119_1910_subgraph_train+metro+tram.gml.lparse.undirected.bz2;1;0.01;0.01;0.00;0.03;0.0;14832;6;6;0;0
DynASP;(INVPRIM);554563280;clique.lp_oc-transpo_20131119_1910_subgraph_train+metro+tram.gml.lparse.undirected.bz2;1;0.01;0.00;0.01;0.02;0.0;14848;6;6;0;0
DynASP;(INVPRIM);600817034;clique.lp_oc-transpo_20131119_1910_subgraph_train+metro+tram.gml.lparse.undirected.bz2;1;0.03;0.02;0.00;0.05;0.0;14864;6;6;0;0
DynASP;(INC);0;clique.lp_oc-transpo_20131119_1910_subgraph_train+metro+tram.gml.lparse.undirected.bz2;1;0.0;0.00;0.01;0.02;0.0;14864;6;6;0;0
DynASP;(INC);1881060079;clique.lp_oc-transpo_20131119_1910_subgraph_train+metro+tram.gml.lparse.undirected.bz2;1;0.01;0.01;0.00;0.02;0.0;14880;6;6;0;0
DynASP;(INC);2156980077;clique.lp_oc-transpo_20131119_1910_subgraph_train+metro+tram.gml.lparse.undirected.bz2;1;0.01;0.00;0.00;0.02;0.0;14816;6;6;0;0
DynASP;(INC);2460733895;clique.lp_oc-transpo_20131119_1910_subgraph_train+metro+tram.gml.lparse.undirected.bz2;1;0.01;0.00;0.01;0.03;0.0;15024;6;6;0;0
DynASP;(INC);2987179023;clique.lp_oc-transpo_20131119_1910_subgraph_train+metro+tram.gml.lparse.undirected.bz2;1;0.0;0.01;0.01;0.02;0.0;14800;6;6;0;0
DynASP;(INC);3025012838;clique.lp_oc-transpo_20131119_1910_subgraph_train+metro+tram.gml.lparse.undirected.bz2;1;0.0;0.00;0.01;0.02;0.0;14816;6;6;0;0
DynASP;(INC);3630735793;clique.lp_oc-transpo_20131119_1910_subgraph_train+metro+tram.gml.lparse.undirected.bz2;1;0.02;0.00;0.00;0.02;0.01;15312;6;6;0;0
DynASP;(INC);4176834253;clique.lp_oc-transpo_20131119_1910_subgraph_train+metro+tram.gml.lparse.undirected.bz2;1;0.01;0.01;0.00;0.02;0.0;15200;6;6;0;0
DynASP;(INC);554563280;clique.lp_oc-transpo_20131119_1910_subgraph_train+metro+tram.gml.lparse.undirected.bz2;1;0.0;0.00;0.01;0.02;0.0;15600;6;6;0;0
DynASP;(INC);600817034;clique.lp_oc-transpo_20131119_1910_subgraph_train+metro+tram.gml.lparse.undirected.bz2;1;0.01;0.01;0.00;0.03;0.0;15632;6;6;0;0
DynASP;(PRIM);0;clique.lp_oc-transpo_20131119_1910_subgraph_train+metro.gml.lparse.undirected.bz2;1;0.0;0.01;0.00;0.03;0.0;14832;6;6;0;0
DynASP;(PRIM);1881060079;clique.lp_oc-transpo_20131119_1910_subgraph_train+metro.gml.lparse.undirected.bz2;1;0.01;0.01;0.00;0.02;0.0;15184;6;6;0;0
DynASP;(PRIM);2156980077;clique.lp_oc-transpo_20131119_1910_subgraph_train+metro.gml.lparse.undirected.bz2;1;0.0;0.01;0.01;0.02;0.0;14784;6;6;0;0
DynASP;(PRIM);2460733895;clique.lp_oc-transpo_20131119_1910_subgraph_train+metro.gml.lparse.undirected.bz2;1;0.0;0.00;0.01;0.02;0.0;14752;6;6;0;0
DynASP;(PRIM);2987179023;clique.lp_oc-transpo_20131119_1910_subgraph_train+metro.gml.lparse.undirected.bz2;1;0.01;0.01;0.00;0.02;0.0;15024;6;6;0;0
DynASP;(PRIM);3025012838;clique.lp_oc-transpo_20131119_1910_subgraph_train+metro.gml.lparse.undirected.bz2;1;0.0;0.01;0.00;0.01;0.01;14832;6;6;0;0
DynASP;(PRIM);3630735793;clique.lp_oc-transpo_20131119_1910_subgraph_train+metro.gml.lparse.undirected.bz2;1;0.01;0.01;0.00;0.03;0.0;14832;6;6;0;0
DynASP;(PRIM);4176834253;clique.lp_oc-transpo_20131119_1910_subgraph_train+metro.gml.lparse.undirected.bz2;1;0.01;0.01;0.01;0.03;0.0;15184;6;6;0;0
DynASP;(PRIM);554563280;clique.lp_oc-transpo_20131119_1910_subgraph_train+metro.gml.lparse.undirected.bz2;1;0.01;0.01;0.00;0.02;0.0;14848;6;6;0;0
DynASP;(PRIM);600817034;clique.lp_oc-transpo_20131119_1910_subgraph_train+metro.gml.lparse.undirected.bz2;1;0.0;0.00;0.01;0.02;0.0;14768;6;6;0;0
DynASP;(INVPRIM);0;clique.lp_oc-transpo_20131119_1910_subgraph_train+metro.gml.lparse.undirected.bz2;1;0.01;0.00;0.01;0.02;0.01;14832;6;6;0;0
DynASP;(INVPRIM);1881060079;clique.lp_oc-transpo_20131119_1910_subgraph_train+metro.gml.lparse.undirected.bz2;1;0.01;0.01;0.00;0.02;0.0;14832;6;6;0;0
DynASP;(INVPRIM);2156980077;clique.lp_oc-transpo_20131119_1910_subgraph_train+metro.gml.lparse.undirected.bz2;1;0.01;0.01;0.02;0.06;0.0;14832;6;6;0;0
DynASP;(INVPRIM);2460733895;clique.lp_oc-transpo_20131119_1910_subgraph_train+metro.gml.lparse.undirected.bz2;1;0.0;0.00;0.01;0.02;0.0;14800;6;6;0;0
DynASP;(INVPRIM);2987179023;clique.lp_oc-transpo_20131119_1910_subgraph_train+metro.gml.lparse.undirected.bz2;1;0.0;0.01;0.01;0.03;0.0;14896;6;6;0;0
DynASP;(INVPRIM);3025012838;clique.lp_oc-transpo_20131119_1910_subgraph_train+metro.gml.lparse.undirected.bz2;1;0.0;0.00;0.01;0.02;0.0;14816;6;6;0;0
DynASP;(INVPRIM);3630735793;clique.lp_oc-transpo_20131119_1910_subgraph_train+metro.gml.lparse.undirected.bz2;1;0.0;0.01;0.01;0.02;0.0;14816;6;6;0;0
DynASP;(INVPRIM);4176834253;clique.lp_oc-transpo_20131119_1910_subgraph_train+metro.gml.lparse.undirected.bz2;1;0.0;0.01;0.01;0.02;0.0;14944;6;6;0;0
DynASP;(INVPRIM);554563280;clique.lp_oc-transpo_20131119_1910_subgraph_train+metro.gml.lparse.undirected.bz2;1;0.01;0.01;0.00;0.03;0.0;14848;6;6;0;0
DynASP;(INVPRIM);600817034;clique.lp_oc-transpo_20131119_1910_subgraph_train+metro.gml.lparse.undirected.bz2;1;0.01;0.01;0.00;0.03;0.0;14832;6;6;0;0
DynASP;(INC);0;clique.lp_oc-transpo_20131119_1910_subgraph_train+metro.gml.lparse.undirected.bz2;1;0.01;0.00;0.01;0.03;0.0;15600;6;6;0;0
DynASP;(INC);1881060079;clique.lp_oc-transpo_20131119_1910_subgraph_train+metro.gml.lparse.undirected.bz2;1;0.01;0.01;0.00;0.03;0.0;15600;6;6;0;0
DynASP;(INC);2156980077;clique.lp_oc-transpo_20131119_1910_subgraph_train+metro.gml.lparse.undirected.bz2;1;0.01;0.01;0.00;0.03;0.0;14800;6;6;0;0
DynASP;(INC);2460733895;clique.lp_oc-transpo_20131119_1910_subgraph_train+metro.gml.lparse.undirected.bz2;1;0.01;0.00;0.01;0.03;0.0;15584;6;6;0;0
DynASP;(INC);2987179023;clique.lp_oc-transpo_20131119_1910_subgraph_train+metro.gml.lparse.undirected.bz2;1;0.0;0.01;0.01;0.02;0.0;15344;6;6;0;0
DynASP;(INC);3025012838;clique.lp_oc-transpo_20131119_1910_subgraph_train+metro.gml.lparse.undirected.bz2;1;0.0;0.00;0.01;0.02;0.0;15024;6;6;0;0
DynASP;(INC);3630735793;clique.lp_oc-transpo_20131119_1910_subgraph_train+metro.gml.lparse.undirected.bz2;1;0.0;0.00;0.01;0.02;0.0;15024;6;6;0;0
DynASP;(INC);4176834253;clique.lp_oc-transpo_20131119_1910_subgraph_train+metro.gml.lparse.undirected.bz2;1;0.01;0.01;0.00;0.02;0.0;15456;6;6;0;0
DynASP;(INC);554563280;clique.lp_oc-transpo_20131119_1910_subgraph_train+metro.gml.lparse.undirected.bz2;1;0.01;0.01;0.00;0.02;0.0;15024;6;6;0;0
DynASP;(INC);600817034;clique.lp_oc-transpo_20131119_1910_subgraph_train+metro.gml.lparse.undirected.bz2;1;0.01;0.00;0.01;0.02;0.0;14944;6;6;0;0
DynASP;(PRIM);0;clique.lp_oc-transpo_20131119_1910_subgraph_train.gml.lparse.undirected.bz2;1;0.0;0.00;0.01;0.02;0.0;14784;6;6;0;0
DynASP;(PRIM);1881060079;clique.lp_oc-transpo_20131119_1910_subgraph_train.gml.lparse.undirected.bz2;1;0.0;0.01;0.00;0.02;0.0;14784;6;6;0;0
DynASP;(PRIM);2156980077;clique.lp_oc-transpo_20131119_1910_subgraph_train.gml.lparse.undirected.bz2;1;0.01;0.00;0.00;0.02;0.0;14848;6;6;0;0
DynASP;(PRIM);2460733895;clique.lp_oc-transpo_20131119_1910_subgraph_train.gml.lparse.undirected.bz2;1;0.0;0.01;0.01;0.02;0.01;14784;6;6;0;0
DynASP;(PRIM);2987179023;clique.lp_oc-transpo_20131119_1910_subgraph_train.gml.lparse.undirected.bz2;1;0.0;0.01;0.02;0.04;0.0;15184;6;6;0;0
DynASP;(PRIM);3025012838;clique.lp_oc-transpo_20131119_1910_subgraph_train.gml.lparse.undirected.bz2;1;0.01;0.00;0.00;0.03;0.0;14832;6;6;0;0
DynASP;(PRIM);3630735793;clique.lp_oc-transpo_20131119_1910_subgraph_train.gml.lparse.undirected.bz2;1;0.0;0.00;0.01;0.02;0.0;14784;6;6;0;0
DynASP;(PRIM);4176834253;clique.lp_oc-transpo_20131119_1910_subgraph_train.gml.lparse.undirected.bz2;1;0.01;0.01;0.00;0.03;0.0;15184;6;6;0;0
DynASP;(PRIM);554563280;clique.lp_oc-transpo_20131119_1910_subgraph_train.gml.lparse.undirected.bz2;1;0.01;0.02;0.00;0.03;0.0;14784;6;6;0;0
DynASP;(PRIM);600817034;clique.lp_oc-transpo_20131119_1910_subgraph_train.gml.lparse.undirected.bz2;1;0.01;0.01;0.00;0.02;0.0;14768;6;6;0;0
DynASP;(INVPRIM);0;clique.lp_oc-transpo_20131119_1910_subgraph_train.gml.lparse.undirected.bz2;1;0.01;0.00;0.01;0.02;0.01;14832;6;6;0;0
DynASP;(INVPRIM);1881060079;clique.lp_oc-transpo_20131119_1910_subgraph_train.gml.lparse.undirected.bz2;1;0.0;0.00;0.01;0.02;0.0;14832;6;6;0;0
DynASP;(INVPRIM);2156980077;clique.lp_oc-transpo_20131119_1910_subgraph_train.gml.lparse.undirected.bz2;1;0.0;0.01;0.00;0.02;0.0;14816;6;6;0;0
DynASP;(INVPRIM);2460733895;clique.lp_oc-transpo_20131119_1910_subgraph_train.gml.lparse.undirected.bz2;1;0.0;0.00;0.01;0.01;0.0;14800;6;6;0;0
DynASP;(INVPRIM);2987179023;clique.lp_oc-transpo_20131119_1910_subgraph_train.gml.lparse.undirected.bz2;1;0.01;0.00;0.01;0.03;0.0;14848;6;6;0;0
DynASP;(INVPRIM);3025012838;clique.lp_oc-transpo_20131119_1910_subgraph_train.gml.lparse.undirected.bz2;1;0.0;0.00;0.01;0.02;0.0;14848;6;6;0;0
DynASP;(INVPRIM);3630735793;clique.lp_oc-transpo_20131119_1910_subgraph_train.gml.lparse.undirected.bz2;1;0.0;0.01;0.01;0.03;0.0;14800;6;6;0;0
DynASP;(INVPRIM);4176834253;clique.lp_oc-transpo_20131119_1910_subgraph_train.gml.lparse.undirected.bz2;1;0.01;0.00;0.01;0.03;0.0;14832;6;6;0;0
DynASP;(INVPRIM);554563280;clique.lp_oc-transpo_20131119_1910_subgraph_train.gml.lparse.undirected.bz2;1;0.01;0.01;0.00;0.03;0.0;14800;6;6;0;0
DynASP;(INVPRIM);600817034;clique.lp_oc-transpo_20131119_1910_subgraph_train.gml.lparse.undirected.bz2;1;0.01;0.01;0.00;0.02;0.0;14800;6;6;0;0
DynASP;(INC);0;clique.lp_oc-transpo_20131119_1910_subgraph_train.gml.lparse.undirected.bz2;1;0.0;0.01;0.01;0.03;0.0;14960;6;6;0;0
DynASP;(INC);1881060079;clique.lp_oc-transpo_20131119_1910_subgraph_train.gml.lparse.undirected.bz2;1;0.01;0.01;0.00;0.03;0.0;15344;6;6;0;0
DynASP;(INC);2156980077;clique.lp_oc-transpo_20131119_1910_subgraph_train.gml.lparse.undirected.bz2;1;0.0;0.00;0.01;0.02;0.0;15584;6;6;0;0
DynASP;(INC);2460733895;clique.lp_oc-transpo_20131119_1910_subgraph_train.gml.lparse.undirected.bz2;1;0.0;0.00;0.01;0.03;0.0;15584;6;6;0;0
DynASP;(INC);2987179023;clique.lp_oc-transpo_20131119_1910_subgraph_train.gml.lparse.undirected.bz2;1;0.0;0.01;0.01;0.02;0.0;14912;6;6;0;0
DynASP;(INC);3025012838;clique.lp_oc-transpo_20131119_1910_subgraph_train.gml.lparse.undirected.bz2;1;0.0;0.00;0.01;0.02;0.0;14928;6;6;0;0
DynASP;(INC);3630735793;clique.lp_oc-transpo_20131119_1910_subgraph_train.gml.lparse.undirected.bz2;1;0.01;0.00;0.01;0.01;0.01;14848;6;6;0;0
DynASP;(INC);4176834253;clique.lp_oc-transpo_20131119_1910_subgraph_train.gml.lparse.undirected.bz2;1;0.01;0.01;0.00;0.03;0.0;15584;6;6;0;0
DynASP;(INC);554563280;clique.lp_oc-transpo_20131119_1910_subgraph_train.gml.lparse.undirected.bz2;1;0.0;0.00;0.02;0.02;0.0;14800;6;6;0;0
DynASP;(INC);600817034;clique.lp_oc-transpo_20131119_1910_subgraph_train.gml.lparse.undirected.bz2;1;0.0;0.01;0.00;0.02;0.0;14800;6;6;0;0
